ISO-10303-21;
HEADER;
/* Generated by software containing ST-Developer
 * from STEP Tools, Inc. (www.steptools.com) 
 */

FILE_DESCRIPTION(
/* description */ ('KiCad electronic assembly'),
/* implementation_level */ '2;1');

FILE_NAME(
/* name */ 'led chaser case(open top preference).step',
/* time_stamp */ '2026-04-09T12:59:44+04:00',
/* author */ (''),
/* organization */ (''),
/* preprocessor_version */ 'ST-DEVELOPER v20.1',
/* originating_system */ 'Autodesk Translation Framework v14.24.0.0',
/* authorisation */ '');

FILE_SCHEMA (('AUTOMOTIVE_DESIGN { 1 0 10303 214 3 1 1 }'));
ENDSEC;

DATA;
#10=MECHANICAL_DESIGN_GEOMETRIC_PRESENTATION_REPRESENTATION('',(#25,#26),
#2656);
#11=ITEM_DEFINED_TRANSFORMATION($,$,#1690,#1773);
#12=ITEM_DEFINED_TRANSFORMATION($,$,#1720,#1774);
#13=(
REPRESENTATION_RELATIONSHIP($,$,#2670,#2669)
REPRESENTATION_RELATIONSHIP_WITH_TRANSFORMATION(#11)
SHAPE_REPRESENTATION_RELATIONSHIP()
);
#14=(
REPRESENTATION_RELATIONSHIP($,$,#2671,#2669)
REPRESENTATION_RELATIONSHIP_WITH_TRANSFORMATION(#12)
SHAPE_REPRESENTATION_RELATIONSHIP()
);
#15=CONTEXT_DEPENDENT_SHAPE_REPRESENTATION(#13,#2667);
#16=CONTEXT_DEPENDENT_SHAPE_REPRESENTATION(#14,#2668);
#17=NEXT_ASSEMBLY_USAGE_OCCURRENCE('Component8:1','Component8:1',
'Component8:1',#2673,#2674,'Component8:1');
#18=NEXT_ASSEMBLY_USAGE_OCCURRENCE('Component9:1','Component9:1',
'Component9:1',#2673,#2675,'Component9:1');
#19=FACE_BOUND('',#140,.T.);
#20=FACE_BOUND('',#192,.T.);
#21=SHAPE_REPRESENTATION_RELATIONSHIP('SRR','None',#2670,#23);
#22=SHAPE_REPRESENTATION_RELATIONSHIP('SRR','None',#2671,#24);
#23=ADVANCED_BREP_SHAPE_REPRESENTATION('',(#27),#2654);
#24=ADVANCED_BREP_SHAPE_REPRESENTATION('',(#28),#2655);
#25=STYLED_ITEM('',(#2688),#27);
#26=STYLED_ITEM('',(#2688),#28);
#27=MANIFOLD_SOLID_BREP('Body1',#1664);
#28=MANIFOLD_SOLID_BREP('Body1',#1665);
#29=FACE_OUTER_BOUND('',#110,.T.);
#30=FACE_OUTER_BOUND('',#111,.T.);
#31=FACE_OUTER_BOUND('',#112,.T.);
#32=FACE_OUTER_BOUND('',#113,.T.);
#33=FACE_OUTER_BOUND('',#114,.T.);
#34=FACE_OUTER_BOUND('',#115,.T.);
#35=FACE_OUTER_BOUND('',#116,.T.);
#36=FACE_OUTER_BOUND('',#117,.T.);
#37=FACE_OUTER_BOUND('',#118,.T.);
#38=FACE_OUTER_BOUND('',#119,.T.);
#39=FACE_OUTER_BOUND('',#120,.T.);
#40=FACE_OUTER_BOUND('',#121,.T.);
#41=FACE_OUTER_BOUND('',#122,.T.);
#42=FACE_OUTER_BOUND('',#123,.T.);
#43=FACE_OUTER_BOUND('',#124,.T.);
#44=FACE_OUTER_BOUND('',#125,.T.);
#45=FACE_OUTER_BOUND('',#126,.T.);
#46=FACE_OUTER_BOUND('',#127,.T.);
#47=FACE_OUTER_BOUND('',#128,.T.);
#48=FACE_OUTER_BOUND('',#129,.T.);
#49=FACE_OUTER_BOUND('',#130,.T.);
#50=FACE_OUTER_BOUND('',#131,.T.);
#51=FACE_OUTER_BOUND('',#132,.T.);
#52=FACE_OUTER_BOUND('',#133,.T.);
#53=FACE_OUTER_BOUND('',#134,.T.);
#54=FACE_OUTER_BOUND('',#135,.T.);
#55=FACE_OUTER_BOUND('',#136,.T.);
#56=FACE_OUTER_BOUND('',#137,.T.);
#57=FACE_OUTER_BOUND('',#138,.T.);
#58=FACE_OUTER_BOUND('',#139,.T.);
#59=FACE_OUTER_BOUND('',#141,.T.);
#60=FACE_OUTER_BOUND('',#142,.T.);
#61=FACE_OUTER_BOUND('',#143,.T.);
#62=FACE_OUTER_BOUND('',#144,.T.);
#63=FACE_OUTER_BOUND('',#145,.T.);
#64=FACE_OUTER_BOUND('',#146,.T.);
#65=FACE_OUTER_BOUND('',#147,.T.);
#66=FACE_OUTER_BOUND('',#148,.T.);
#67=FACE_OUTER_BOUND('',#149,.T.);
#68=FACE_OUTER_BOUND('',#150,.T.);
#69=FACE_OUTER_BOUND('',#151,.T.);
#70=FACE_OUTER_BOUND('',#152,.T.);
#71=FACE_OUTER_BOUND('',#153,.T.);
#72=FACE_OUTER_BOUND('',#154,.T.);
#73=FACE_OUTER_BOUND('',#155,.T.);
#74=FACE_OUTER_BOUND('',#156,.T.);
#75=FACE_OUTER_BOUND('',#157,.T.);
#76=FACE_OUTER_BOUND('',#158,.T.);
#77=FACE_OUTER_BOUND('',#159,.T.);
#78=FACE_OUTER_BOUND('',#160,.T.);
#79=FACE_OUTER_BOUND('',#161,.T.);
#80=FACE_OUTER_BOUND('',#162,.T.);
#81=FACE_OUTER_BOUND('',#163,.T.);
#82=FACE_OUTER_BOUND('',#164,.T.);
#83=FACE_OUTER_BOUND('',#165,.T.);
#84=FACE_OUTER_BOUND('',#166,.T.);
#85=FACE_OUTER_BOUND('',#167,.T.);
#86=FACE_OUTER_BOUND('',#168,.T.);
#87=FACE_OUTER_BOUND('',#169,.T.);
#88=FACE_OUTER_BOUND('',#170,.T.);
#89=FACE_OUTER_BOUND('',#171,.T.);
#90=FACE_OUTER_BOUND('',#172,.T.);
#91=FACE_OUTER_BOUND('',#173,.T.);
#92=FACE_OUTER_BOUND('',#174,.T.);
#93=FACE_OUTER_BOUND('',#175,.T.);
#94=FACE_OUTER_BOUND('',#176,.T.);
#95=FACE_OUTER_BOUND('',#177,.T.);
#96=FACE_OUTER_BOUND('',#178,.T.);
#97=FACE_OUTER_BOUND('',#179,.T.);
#98=FACE_OUTER_BOUND('',#180,.T.);
#99=FACE_OUTER_BOUND('',#181,.T.);
#100=FACE_OUTER_BOUND('',#182,.T.);
#101=FACE_OUTER_BOUND('',#183,.T.);
#102=FACE_OUTER_BOUND('',#184,.T.);
#103=FACE_OUTER_BOUND('',#185,.T.);
#104=FACE_OUTER_BOUND('',#186,.T.);
#105=FACE_OUTER_BOUND('',#187,.T.);
#106=FACE_OUTER_BOUND('',#188,.T.);
#107=FACE_OUTER_BOUND('',#189,.T.);
#108=FACE_OUTER_BOUND('',#190,.T.);
#109=FACE_OUTER_BOUND('',#191,.T.);
#110=EDGE_LOOP('',(#1040,#1041,#1042,#1043));
#111=EDGE_LOOP('',(#1044,#1045,#1046,#1047));
#112=EDGE_LOOP('',(#1048,#1049,#1050,#1051));
#113=EDGE_LOOP('',(#1052,#1053,#1054,#1055));
#114=EDGE_LOOP('',(#1056,#1057,#1058,#1059));
#115=EDGE_LOOP('',(#1060,#1061,#1062,#1063));
#116=EDGE_LOOP('',(#1064,#1065,#1066,#1067));
#117=EDGE_LOOP('',(#1068,#1069,#1070,#1071));
#118=EDGE_LOOP('',(#1072,#1073,#1074,#1075));
#119=EDGE_LOOP('',(#1076,#1077,#1078,#1079));
#120=EDGE_LOOP('',(#1080,#1081,#1082,#1083));
#121=EDGE_LOOP('',(#1084,#1085,#1086,#1087));
#122=EDGE_LOOP('',(#1088,#1089,#1090,#1091));
#123=EDGE_LOOP('',(#1092,#1093,#1094,#1095));
#124=EDGE_LOOP('',(#1096,#1097,#1098,#1099));
#125=EDGE_LOOP('',(#1100,#1101,#1102,#1103));
#126=EDGE_LOOP('',(#1104,#1105,#1106,#1107));
#127=EDGE_LOOP('',(#1108,#1109,#1110,#1111));
#128=EDGE_LOOP('',(#1112,#1113,#1114,#1115));
#129=EDGE_LOOP('',(#1116,#1117,#1118,#1119));
#130=EDGE_LOOP('',(#1120,#1121,#1122,#1123));
#131=EDGE_LOOP('',(#1124,#1125,#1126,#1127));
#132=EDGE_LOOP('',(#1128,#1129,#1130,#1131));
#133=EDGE_LOOP('',(#1132,#1133,#1134,#1135));
#134=EDGE_LOOP('',(#1136,#1137,#1138,#1139));
#135=EDGE_LOOP('',(#1140,#1141,#1142,#1143));
#136=EDGE_LOOP('',(#1144,#1145,#1146,#1147));
#137=EDGE_LOOP('',(#1148,#1149,#1150,#1151,#1152,#1153,#1154,#1155,#1156,
#1157,#1158,#1159,#1160,#1161,#1162,#1163,#1164,#1165,#1166,#1167,#1168,
#1169,#1170,#1171,#1172,#1173,#1174));
#138=EDGE_LOOP('',(#1175,#1176,#1177,#1178,#1179,#1180,#1181,#1182,#1183,
#1184,#1185,#1186,#1187,#1188,#1189,#1190,#1191,#1192,#1193,#1194,#1195,
#1196,#1197,#1198,#1199,#1200,#1201));
#139=EDGE_LOOP('',(#1202,#1203,#1204,#1205,#1206,#1207,#1208,#1209,#1210,
#1211,#1212,#1213,#1214,#1215,#1216,#1217,#1218,#1219,#1220,#1221,#1222,
#1223,#1224));
#140=EDGE_LOOP('',(#1225,#1226,#1227,#1228,#1229,#1230,#1231,#1232,#1233,
#1234,#1235,#1236,#1237,#1238,#1239,#1240,#1241,#1242,#1243,#1244,#1245,
#1246,#1247,#1248,#1249,#1250,#1251));
#141=EDGE_LOOP('',(#1252,#1253,#1254,#1255));
#142=EDGE_LOOP('',(#1256,#1257,#1258,#1259));
#143=EDGE_LOOP('',(#1260,#1261,#1262,#1263));
#144=EDGE_LOOP('',(#1264,#1265,#1266,#1267));
#145=EDGE_LOOP('',(#1268,#1269,#1270,#1271));
#146=EDGE_LOOP('',(#1272,#1273,#1274,#1275));
#147=EDGE_LOOP('',(#1276,#1277,#1278,#1279));
#148=EDGE_LOOP('',(#1280,#1281,#1282,#1283));
#149=EDGE_LOOP('',(#1284,#1285,#1286,#1287));
#150=EDGE_LOOP('',(#1288,#1289,#1290,#1291));
#151=EDGE_LOOP('',(#1292,#1293,#1294,#1295));
#152=EDGE_LOOP('',(#1296,#1297,#1298,#1299));
#153=EDGE_LOOP('',(#1300,#1301,#1302,#1303));
#154=EDGE_LOOP('',(#1304,#1305,#1306,#1307));
#155=EDGE_LOOP('',(#1308,#1309,#1310,#1311));
#156=EDGE_LOOP('',(#1312,#1313,#1314,#1315));
#157=EDGE_LOOP('',(#1316,#1317,#1318,#1319));
#158=EDGE_LOOP('',(#1320,#1321,#1322,#1323));
#159=EDGE_LOOP('',(#1324,#1325,#1326,#1327));
#160=EDGE_LOOP('',(#1328,#1329,#1330,#1331));
#161=EDGE_LOOP('',(#1332,#1333,#1334,#1335));
#162=EDGE_LOOP('',(#1336,#1337,#1338,#1339));
#163=EDGE_LOOP('',(#1340,#1341,#1342,#1343));
#164=EDGE_LOOP('',(#1344,#1345,#1346,#1347));
#165=EDGE_LOOP('',(#1348,#1349,#1350,#1351));
#166=EDGE_LOOP('',(#1352,#1353,#1354,#1355));
#167=EDGE_LOOP('',(#1356,#1357,#1358,#1359));
#168=EDGE_LOOP('',(#1360,#1361,#1362,#1363));
#169=EDGE_LOOP('',(#1364,#1365,#1366,#1367));
#170=EDGE_LOOP('',(#1368,#1369,#1370,#1371));
#171=EDGE_LOOP('',(#1372,#1373,#1374,#1375));
#172=EDGE_LOOP('',(#1376,#1377,#1378,#1379));
#173=EDGE_LOOP('',(#1380,#1381,#1382,#1383));
#174=EDGE_LOOP('',(#1384,#1385,#1386,#1387));
#175=EDGE_LOOP('',(#1388,#1389,#1390,#1391));
#176=EDGE_LOOP('',(#1392,#1393,#1394,#1395));
#177=EDGE_LOOP('',(#1396,#1397,#1398,#1399));
#178=EDGE_LOOP('',(#1400,#1401,#1402,#1403));
#179=EDGE_LOOP('',(#1404,#1405,#1406,#1407));
#180=EDGE_LOOP('',(#1408,#1409,#1410,#1411));
#181=EDGE_LOOP('',(#1412,#1413,#1414,#1415));
#182=EDGE_LOOP('',(#1416,#1417,#1418,#1419));
#183=EDGE_LOOP('',(#1420,#1421,#1422,#1423));
#184=EDGE_LOOP('',(#1424,#1425,#1426,#1427));
#185=EDGE_LOOP('',(#1428,#1429,#1430,#1431));
#186=EDGE_LOOP('',(#1432,#1433,#1434,#1435));
#187=EDGE_LOOP('',(#1436,#1437,#1438,#1439));
#188=EDGE_LOOP('',(#1440,#1441,#1442,#1443));
#189=EDGE_LOOP('',(#1444,#1445,#1446,#1447));
#190=EDGE_LOOP('',(#1448,#1449,#1450,#1451));
#191=EDGE_LOOP('',(#1452,#1453,#1454,#1455,#1456,#1457,#1458,#1459,#1460,
#1461,#1462,#1463,#1464,#1465,#1466,#1467,#1468,#1469,#1470,#1471,#1472,
#1473,#1474));
#192=EDGE_LOOP('',(#1475,#1476,#1477,#1478,#1479,#1480,#1481,#1482,#1483,
#1484,#1485,#1486,#1487,#1488,#1489,#1490,#1491,#1492,#1493,#1494,#1495,
#1496,#1497,#1498,#1499,#1500,#1501));
#193=LINE('',#2183,#424);
#194=LINE('',#2185,#425);
#195=LINE('',#2187,#426);
#196=LINE('',#2188,#427);
#197=LINE('',#2191,#428);
#198=LINE('',#2193,#429);
#199=LINE('',#2194,#430);
#200=LINE('',#2197,#431);
#201=LINE('',#2199,#432);
#202=LINE('',#2200,#433);
#203=LINE('',#2203,#434);
#204=LINE('',#2205,#435);
#205=LINE('',#2206,#436);
#206=LINE('',#2209,#437);
#207=LINE('',#2211,#438);
#208=LINE('',#2212,#439);
#209=LINE('',#2215,#440);
#210=LINE('',#2217,#441);
#211=LINE('',#2218,#442);
#212=LINE('',#2221,#443);
#213=LINE('',#2223,#444);
#214=LINE('',#2224,#445);
#215=LINE('',#2227,#446);
#216=LINE('',#2229,#447);
#217=LINE('',#2230,#448);
#218=LINE('',#2233,#449);
#219=LINE('',#2235,#450);
#220=LINE('',#2236,#451);
#221=LINE('',#2239,#452);
#222=LINE('',#2241,#453);
#223=LINE('',#2242,#454);
#224=LINE('',#2245,#455);
#225=LINE('',#2247,#456);
#226=LINE('',#2248,#457);
#227=LINE('',#2251,#458);
#228=LINE('',#2253,#459);
#229=LINE('',#2254,#460);
#230=LINE('',#2257,#461);
#231=LINE('',#2259,#462);
#232=LINE('',#2260,#463);
#233=LINE('',#2263,#464);
#234=LINE('',#2265,#465);
#235=LINE('',#2266,#466);
#236=LINE('',#2269,#467);
#237=LINE('',#2271,#468);
#238=LINE('',#2272,#469);
#239=LINE('',#2275,#470);
#240=LINE('',#2277,#471);
#241=LINE('',#2278,#472);
#242=LINE('',#2281,#473);
#243=LINE('',#2283,#474);
#244=LINE('',#2284,#475);
#245=LINE('',#2287,#476);
#246=LINE('',#2289,#477);
#247=LINE('',#2290,#478);
#248=LINE('',#2293,#479);
#249=LINE('',#2295,#480);
#250=LINE('',#2296,#481);
#251=LINE('',#2299,#482);
#252=LINE('',#2301,#483);
#253=LINE('',#2302,#484);
#254=LINE('',#2305,#485);
#255=LINE('',#2307,#486);
#256=LINE('',#2308,#487);
#257=LINE('',#2311,#488);
#258=LINE('',#2313,#489);
#259=LINE('',#2314,#490);
#260=LINE('',#2317,#491);
#261=LINE('',#2319,#492);
#262=LINE('',#2320,#493);
#263=LINE('',#2323,#494);
#264=LINE('',#2325,#495);
#265=LINE('',#2326,#496);
#266=LINE('',#2329,#497);
#267=LINE('',#2331,#498);
#268=LINE('',#2332,#499);
#269=LINE('',#2335,#500);
#270=LINE('',#2337,#501);
#271=LINE('',#2338,#502);
#272=LINE('',#2340,#503);
#273=LINE('',#2341,#504);
#274=LINE('',#2348,#505);
#275=LINE('',#2350,#506);
#276=LINE('',#2352,#507);
#277=LINE('',#2354,#508);
#278=LINE('',#2356,#509);
#279=LINE('',#2358,#510);
#280=LINE('',#2360,#511);
#281=LINE('',#2362,#512);
#282=LINE('',#2364,#513);
#283=LINE('',#2366,#514);
#284=LINE('',#2368,#515);
#285=LINE('',#2370,#516);
#286=LINE('',#2372,#517);
#287=LINE('',#2374,#518);
#288=LINE('',#2376,#519);
#289=LINE('',#2378,#520);
#290=LINE('',#2380,#521);
#291=LINE('',#2382,#522);
#292=LINE('',#2384,#523);
#293=LINE('',#2386,#524);
#294=LINE('',#2388,#525);
#295=LINE('',#2390,#526);
#296=LINE('',#2391,#527);
#297=LINE('',#2394,#528);
#298=LINE('',#2396,#529);
#299=LINE('',#2398,#530);
#300=LINE('',#2400,#531);
#301=LINE('',#2402,#532);
#302=LINE('',#2404,#533);
#303=LINE('',#2406,#534);
#304=LINE('',#2408,#535);
#305=LINE('',#2410,#536);
#306=LINE('',#2412,#537);
#307=LINE('',#2414,#538);
#308=LINE('',#2416,#539);
#309=LINE('',#2418,#540);
#310=LINE('',#2420,#541);
#311=LINE('',#2422,#542);
#312=LINE('',#2424,#543);
#313=LINE('',#2426,#544);
#314=LINE('',#2428,#545);
#315=LINE('',#2430,#546);
#316=LINE('',#2432,#547);
#317=LINE('',#2434,#548);
#318=LINE('',#2436,#549);
#319=LINE('',#2438,#550);
#320=LINE('',#2440,#551);
#321=LINE('',#2442,#552);
#322=LINE('',#2444,#553);
#323=LINE('',#2445,#554);
#324=LINE('',#2448,#555);
#325=LINE('',#2450,#556);
#326=LINE('',#2451,#557);
#327=LINE('',#2454,#558);
#328=LINE('',#2455,#559);
#329=LINE('',#2458,#560);
#330=LINE('',#2459,#561);
#331=LINE('',#2462,#562);
#332=LINE('',#2463,#563);
#333=LINE('',#2466,#564);
#334=LINE('',#2467,#565);
#335=LINE('',#2470,#566);
#336=LINE('',#2471,#567);
#337=LINE('',#2474,#568);
#338=LINE('',#2475,#569);
#339=LINE('',#2478,#570);
#340=LINE('',#2479,#571);
#341=LINE('',#2482,#572);
#342=LINE('',#2483,#573);
#343=LINE('',#2486,#574);
#344=LINE('',#2487,#575);
#345=LINE('',#2490,#576);
#346=LINE('',#2491,#577);
#347=LINE('',#2494,#578);
#348=LINE('',#2495,#579);
#349=LINE('',#2498,#580);
#350=LINE('',#2499,#581);
#351=LINE('',#2502,#582);
#352=LINE('',#2503,#583);
#353=LINE('',#2506,#584);
#354=LINE('',#2507,#585);
#355=LINE('',#2510,#586);
#356=LINE('',#2511,#587);
#357=LINE('',#2514,#588);
#358=LINE('',#2515,#589);
#359=LINE('',#2518,#590);
#360=LINE('',#2519,#591);
#361=LINE('',#2522,#592);
#362=LINE('',#2523,#593);
#363=LINE('',#2526,#594);
#364=LINE('',#2527,#595);
#365=LINE('',#2530,#596);
#366=LINE('',#2531,#597);
#367=LINE('',#2534,#598);
#368=LINE('',#2535,#599);
#369=LINE('',#2538,#600);
#370=LINE('',#2539,#601);
#371=LINE('',#2542,#602);
#372=LINE('',#2543,#603);
#373=LINE('',#2546,#604);
#374=LINE('',#2547,#605);
#375=LINE('',#2550,#606);
#376=LINE('',#2551,#607);
#377=LINE('',#2553,#608);
#378=LINE('',#2556,#609);
#379=LINE('',#2558,#610);
#380=LINE('',#2559,#611);
#381=LINE('',#2562,#612);
#382=LINE('',#2563,#613);
#383=LINE('',#2566,#614);
#384=LINE('',#2567,#615);
#385=LINE('',#2570,#616);
#386=LINE('',#2571,#617);
#387=LINE('',#2574,#618);
#388=LINE('',#2575,#619);
#389=LINE('',#2578,#620);
#390=LINE('',#2579,#621);
#391=LINE('',#2582,#622);
#392=LINE('',#2583,#623);
#393=LINE('',#2586,#624);
#394=LINE('',#2587,#625);
#395=LINE('',#2590,#626);
#396=LINE('',#2591,#627);
#397=LINE('',#2594,#628);
#398=LINE('',#2595,#629);
#399=LINE('',#2598,#630);
#400=LINE('',#2599,#631);
#401=LINE('',#2602,#632);
#402=LINE('',#2603,#633);
#403=LINE('',#2606,#634);
#404=LINE('',#2607,#635);
#405=LINE('',#2610,#636);
#406=LINE('',#2611,#637);
#407=LINE('',#2614,#638);
#408=LINE('',#2615,#639);
#409=LINE('',#2618,#640);
#410=LINE('',#2619,#641);
#411=LINE('',#2622,#642);
#412=LINE('',#2623,#643);
#413=LINE('',#2626,#644);
#414=LINE('',#2627,#645);
#415=LINE('',#2630,#646);
#416=LINE('',#2631,#647);
#417=LINE('',#2634,#648);
#418=LINE('',#2635,#649);
#419=LINE('',#2638,#650);
#420=LINE('',#2639,#651);
#421=LINE('',#2642,#652);
#422=LINE('',#2643,#653);
#423=LINE('',#2645,#654);
#424=VECTOR('',#1781,10.);
#425=VECTOR('',#1782,10.);
#426=VECTOR('',#1783,10.);
#427=VECTOR('',#1784,10.);
#428=VECTOR('',#1787,10.);
#429=VECTOR('',#1788,10.);
#430=VECTOR('',#1789,10.);
#431=VECTOR('',#1792,10.);
#432=VECTOR('',#1793,10.);
#433=VECTOR('',#1794,10.);
#434=VECTOR('',#1797,10.);
#435=VECTOR('',#1798,10.);
#436=VECTOR('',#1799,10.);
#437=VECTOR('',#1802,10.);
#438=VECTOR('',#1803,10.);
#439=VECTOR('',#1804,10.);
#440=VECTOR('',#1807,10.);
#441=VECTOR('',#1808,10.);
#442=VECTOR('',#1809,10.);
#443=VECTOR('',#1812,10.);
#444=VECTOR('',#1813,10.);
#445=VECTOR('',#1814,10.);
#446=VECTOR('',#1817,10.);
#447=VECTOR('',#1818,10.);
#448=VECTOR('',#1819,10.);
#449=VECTOR('',#1822,10.);
#450=VECTOR('',#1823,10.);
#451=VECTOR('',#1824,10.);
#452=VECTOR('',#1827,10.);
#453=VECTOR('',#1828,10.);
#454=VECTOR('',#1829,10.);
#455=VECTOR('',#1832,10.);
#456=VECTOR('',#1833,10.);
#457=VECTOR('',#1834,10.);
#458=VECTOR('',#1837,10.);
#459=VECTOR('',#1838,10.);
#460=VECTOR('',#1839,10.);
#461=VECTOR('',#1842,10.);
#462=VECTOR('',#1843,10.);
#463=VECTOR('',#1844,10.);
#464=VECTOR('',#1847,10.);
#465=VECTOR('',#1848,10.);
#466=VECTOR('',#1849,10.);
#467=VECTOR('',#1852,10.);
#468=VECTOR('',#1853,10.);
#469=VECTOR('',#1854,10.);
#470=VECTOR('',#1857,10.);
#471=VECTOR('',#1858,10.);
#472=VECTOR('',#1859,10.);
#473=VECTOR('',#1862,10.);
#474=VECTOR('',#1863,10.);
#475=VECTOR('',#1864,10.);
#476=VECTOR('',#1867,10.);
#477=VECTOR('',#1868,10.);
#478=VECTOR('',#1869,10.);
#479=VECTOR('',#1872,10.);
#480=VECTOR('',#1873,10.);
#481=VECTOR('',#1874,10.);
#482=VECTOR('',#1877,10.);
#483=VECTOR('',#1878,10.);
#484=VECTOR('',#1879,10.);
#485=VECTOR('',#1882,10.);
#486=VECTOR('',#1883,10.);
#487=VECTOR('',#1884,10.);
#488=VECTOR('',#1887,10.);
#489=VECTOR('',#1888,10.);
#490=VECTOR('',#1889,10.);
#491=VECTOR('',#1892,10.);
#492=VECTOR('',#1893,10.);
#493=VECTOR('',#1894,10.);
#494=VECTOR('',#1897,10.);
#495=VECTOR('',#1898,10.);
#496=VECTOR('',#1899,10.);
#497=VECTOR('',#1902,10.);
#498=VECTOR('',#1903,10.);
#499=VECTOR('',#1904,10.);
#500=VECTOR('',#1907,10.);
#501=VECTOR('',#1908,10.);
#502=VECTOR('',#1909,10.);
#503=VECTOR('',#1912,10.);
#504=VECTOR('',#1913,10.);
#505=VECTOR('',#1922,10.);
#506=VECTOR('',#1923,10.);
#507=VECTOR('',#1924,10.);
#508=VECTOR('',#1925,10.);
#509=VECTOR('',#1926,10.);
#510=VECTOR('',#1927,10.);
#511=VECTOR('',#1928,10.);
#512=VECTOR('',#1929,10.);
#513=VECTOR('',#1930,10.);
#514=VECTOR('',#1931,10.);
#515=VECTOR('',#1932,10.);
#516=VECTOR('',#1933,10.);
#517=VECTOR('',#1934,10.);
#518=VECTOR('',#1935,10.);
#519=VECTOR('',#1936,10.);
#520=VECTOR('',#1937,10.);
#521=VECTOR('',#1938,10.);
#522=VECTOR('',#1939,10.);
#523=VECTOR('',#1940,10.);
#524=VECTOR('',#1941,10.);
#525=VECTOR('',#1942,10.);
#526=VECTOR('',#1943,10.);
#527=VECTOR('',#1944,10.);
#528=VECTOR('',#1945,10.);
#529=VECTOR('',#1946,10.);
#530=VECTOR('',#1947,10.);
#531=VECTOR('',#1948,10.);
#532=VECTOR('',#1949,10.);
#533=VECTOR('',#1950,10.);
#534=VECTOR('',#1951,10.);
#535=VECTOR('',#1952,10.);
#536=VECTOR('',#1953,10.);
#537=VECTOR('',#1954,10.);
#538=VECTOR('',#1955,10.);
#539=VECTOR('',#1956,10.);
#540=VECTOR('',#1957,10.);
#541=VECTOR('',#1958,10.);
#542=VECTOR('',#1959,10.);
#543=VECTOR('',#1960,10.);
#544=VECTOR('',#1961,10.);
#545=VECTOR('',#1962,10.);
#546=VECTOR('',#1963,10.);
#547=VECTOR('',#1964,10.);
#548=VECTOR('',#1965,10.);
#549=VECTOR('',#1966,10.);
#550=VECTOR('',#1967,10.);
#551=VECTOR('',#1968,10.);
#552=VECTOR('',#1969,10.);
#553=VECTOR('',#1970,10.);
#554=VECTOR('',#1971,10.);
#555=VECTOR('',#1974,10.);
#556=VECTOR('',#1975,10.);
#557=VECTOR('',#1976,10.);
#558=VECTOR('',#1979,10.);
#559=VECTOR('',#1980,10.);
#560=VECTOR('',#1983,10.);
#561=VECTOR('',#1984,10.);
#562=VECTOR('',#1987,10.);
#563=VECTOR('',#1988,10.);
#564=VECTOR('',#1991,10.);
#565=VECTOR('',#1992,10.);
#566=VECTOR('',#1995,10.);
#567=VECTOR('',#1996,10.);
#568=VECTOR('',#1999,10.);
#569=VECTOR('',#2000,10.);
#570=VECTOR('',#2003,10.);
#571=VECTOR('',#2004,10.);
#572=VECTOR('',#2007,10.);
#573=VECTOR('',#2008,10.);
#574=VECTOR('',#2011,10.);
#575=VECTOR('',#2012,10.);
#576=VECTOR('',#2015,10.);
#577=VECTOR('',#2016,10.);
#578=VECTOR('',#2019,10.);
#579=VECTOR('',#2020,10.);
#580=VECTOR('',#2023,10.);
#581=VECTOR('',#2024,10.);
#582=VECTOR('',#2027,10.);
#583=VECTOR('',#2028,10.);
#584=VECTOR('',#2031,10.);
#585=VECTOR('',#2032,10.);
#586=VECTOR('',#2035,10.);
#587=VECTOR('',#2036,10.);
#588=VECTOR('',#2039,10.);
#589=VECTOR('',#2040,10.);
#590=VECTOR('',#2043,10.);
#591=VECTOR('',#2044,10.);
#592=VECTOR('',#2047,10.);
#593=VECTOR('',#2048,10.);
#594=VECTOR('',#2051,10.);
#595=VECTOR('',#2052,10.);
#596=VECTOR('',#2055,10.);
#597=VECTOR('',#2056,10.);
#598=VECTOR('',#2059,10.);
#599=VECTOR('',#2060,10.);
#600=VECTOR('',#2063,10.);
#601=VECTOR('',#2064,10.);
#602=VECTOR('',#2067,10.);
#603=VECTOR('',#2068,10.);
#604=VECTOR('',#2071,10.);
#605=VECTOR('',#2072,10.);
#606=VECTOR('',#2075,10.);
#607=VECTOR('',#2076,10.);
#608=VECTOR('',#2079,10.);
#609=VECTOR('',#2082,10.);
#610=VECTOR('',#2083,10.);
#611=VECTOR('',#2084,10.);
#612=VECTOR('',#2087,10.);
#613=VECTOR('',#2088,10.);
#614=VECTOR('',#2091,10.);
#615=VECTOR('',#2092,10.);
#616=VECTOR('',#2095,10.);
#617=VECTOR('',#2096,10.);
#618=VECTOR('',#2099,10.);
#619=VECTOR('',#2100,10.);
#620=VECTOR('',#2103,10.);
#621=VECTOR('',#2104,10.);
#622=VECTOR('',#2107,10.);
#623=VECTOR('',#2108,10.);
#624=VECTOR('',#2111,10.);
#625=VECTOR('',#2112,10.);
#626=VECTOR('',#2115,10.);
#627=VECTOR('',#2116,10.);
#628=VECTOR('',#2119,10.);
#629=VECTOR('',#2120,10.);
#630=VECTOR('',#2123,10.);
#631=VECTOR('',#2124,10.);
#632=VECTOR('',#2127,10.);
#633=VECTOR('',#2128,10.);
#634=VECTOR('',#2131,10.);
#635=VECTOR('',#2132,10.);
#636=VECTOR('',#2135,10.);
#637=VECTOR('',#2136,10.);
#638=VECTOR('',#2139,10.);
#639=VECTOR('',#2140,10.);
#640=VECTOR('',#2143,10.);
#641=VECTOR('',#2144,10.);
#642=VECTOR('',#2147,10.);
#643=VECTOR('',#2148,10.);
#644=VECTOR('',#2151,10.);
#645=VECTOR('',#2152,10.);
#646=VECTOR('',#2155,10.);
#647=VECTOR('',#2156,10.);
#648=VECTOR('',#2159,10.);
#649=VECTOR('',#2160,10.);
#650=VECTOR('',#2163,10.);
#651=VECTOR('',#2164,10.);
#652=VECTOR('',#2167,10.);
#653=VECTOR('',#2168,10.);
#654=VECTOR('',#2171,10.);
#655=VERTEX_POINT('',#2181);
#656=VERTEX_POINT('',#2182);
#657=VERTEX_POINT('',#2184);
#658=VERTEX_POINT('',#2186);
#659=VERTEX_POINT('',#2190);
#660=VERTEX_POINT('',#2192);
#661=VERTEX_POINT('',#2196);
#662=VERTEX_POINT('',#2198);
#663=VERTEX_POINT('',#2202);
#664=VERTEX_POINT('',#2204);
#665=VERTEX_POINT('',#2208);
#666=VERTEX_POINT('',#2210);
#667=VERTEX_POINT('',#2214);
#668=VERTEX_POINT('',#2216);
#669=VERTEX_POINT('',#2220);
#670=VERTEX_POINT('',#2222);
#671=VERTEX_POINT('',#2226);
#672=VERTEX_POINT('',#2228);
#673=VERTEX_POINT('',#2232);
#674=VERTEX_POINT('',#2234);
#675=VERTEX_POINT('',#2238);
#676=VERTEX_POINT('',#2240);
#677=VERTEX_POINT('',#2244);
#678=VERTEX_POINT('',#2246);
#679=VERTEX_POINT('',#2250);
#680=VERTEX_POINT('',#2252);
#681=VERTEX_POINT('',#2256);
#682=VERTEX_POINT('',#2258);
#683=VERTEX_POINT('',#2262);
#684=VERTEX_POINT('',#2264);
#685=VERTEX_POINT('',#2268);
#686=VERTEX_POINT('',#2270);
#687=VERTEX_POINT('',#2274);
#688=VERTEX_POINT('',#2276);
#689=VERTEX_POINT('',#2280);
#690=VERTEX_POINT('',#2282);
#691=VERTEX_POINT('',#2286);
#692=VERTEX_POINT('',#2288);
#693=VERTEX_POINT('',#2292);
#694=VERTEX_POINT('',#2294);
#695=VERTEX_POINT('',#2298);
#696=VERTEX_POINT('',#2300);
#697=VERTEX_POINT('',#2304);
#698=VERTEX_POINT('',#2306);
#699=VERTEX_POINT('',#2310);
#700=VERTEX_POINT('',#2312);
#701=VERTEX_POINT('',#2316);
#702=VERTEX_POINT('',#2318);
#703=VERTEX_POINT('',#2322);
#704=VERTEX_POINT('',#2324);
#705=VERTEX_POINT('',#2328);
#706=VERTEX_POINT('',#2330);
#707=VERTEX_POINT('',#2334);
#708=VERTEX_POINT('',#2336);
#709=VERTEX_POINT('',#2346);
#710=VERTEX_POINT('',#2347);
#711=VERTEX_POINT('',#2349);
#712=VERTEX_POINT('',#2351);
#713=VERTEX_POINT('',#2353);
#714=VERTEX_POINT('',#2355);
#715=VERTEX_POINT('',#2357);
#716=VERTEX_POINT('',#2359);
#717=VERTEX_POINT('',#2361);
#718=VERTEX_POINT('',#2363);
#719=VERTEX_POINT('',#2365);
#720=VERTEX_POINT('',#2367);
#721=VERTEX_POINT('',#2369);
#722=VERTEX_POINT('',#2371);
#723=VERTEX_POINT('',#2373);
#724=VERTEX_POINT('',#2375);
#725=VERTEX_POINT('',#2377);
#726=VERTEX_POINT('',#2379);
#727=VERTEX_POINT('',#2381);
#728=VERTEX_POINT('',#2383);
#729=VERTEX_POINT('',#2385);
#730=VERTEX_POINT('',#2387);
#731=VERTEX_POINT('',#2389);
#732=VERTEX_POINT('',#2392);
#733=VERTEX_POINT('',#2393);
#734=VERTEX_POINT('',#2395);
#735=VERTEX_POINT('',#2397);
#736=VERTEX_POINT('',#2399);
#737=VERTEX_POINT('',#2401);
#738=VERTEX_POINT('',#2403);
#739=VERTEX_POINT('',#2405);
#740=VERTEX_POINT('',#2407);
#741=VERTEX_POINT('',#2409);
#742=VERTEX_POINT('',#2411);
#743=VERTEX_POINT('',#2413);
#744=VERTEX_POINT('',#2415);
#745=VERTEX_POINT('',#2417);
#746=VERTEX_POINT('',#2419);
#747=VERTEX_POINT('',#2421);
#748=VERTEX_POINT('',#2423);
#749=VERTEX_POINT('',#2425);
#750=VERTEX_POINT('',#2427);
#751=VERTEX_POINT('',#2429);
#752=VERTEX_POINT('',#2431);
#753=VERTEX_POINT('',#2433);
#754=VERTEX_POINT('',#2435);
#755=VERTEX_POINT('',#2437);
#756=VERTEX_POINT('',#2439);
#757=VERTEX_POINT('',#2441);
#758=VERTEX_POINT('',#2443);
#759=VERTEX_POINT('',#2447);
#760=VERTEX_POINT('',#2449);
#761=VERTEX_POINT('',#2453);
#762=VERTEX_POINT('',#2457);
#763=VERTEX_POINT('',#2461);
#764=VERTEX_POINT('',#2465);
#765=VERTEX_POINT('',#2469);
#766=VERTEX_POINT('',#2473);
#767=VERTEX_POINT('',#2477);
#768=VERTEX_POINT('',#2481);
#769=VERTEX_POINT('',#2485);
#770=VERTEX_POINT('',#2489);
#771=VERTEX_POINT('',#2493);
#772=VERTEX_POINT('',#2497);
#773=VERTEX_POINT('',#2501);
#774=VERTEX_POINT('',#2505);
#775=VERTEX_POINT('',#2509);
#776=VERTEX_POINT('',#2513);
#777=VERTEX_POINT('',#2517);
#778=VERTEX_POINT('',#2521);
#779=VERTEX_POINT('',#2525);
#780=VERTEX_POINT('',#2529);
#781=VERTEX_POINT('',#2533);
#782=VERTEX_POINT('',#2537);
#783=VERTEX_POINT('',#2541);
#784=VERTEX_POINT('',#2545);
#785=VERTEX_POINT('',#2549);
#786=VERTEX_POINT('',#2555);
#787=VERTEX_POINT('',#2557);
#788=VERTEX_POINT('',#2561);
#789=VERTEX_POINT('',#2565);
#790=VERTEX_POINT('',#2569);
#791=VERTEX_POINT('',#2573);
#792=VERTEX_POINT('',#2577);
#793=VERTEX_POINT('',#2581);
#794=VERTEX_POINT('',#2585);
#795=VERTEX_POINT('',#2589);
#796=VERTEX_POINT('',#2593);
#797=VERTEX_POINT('',#2597);
#798=VERTEX_POINT('',#2601);
#799=VERTEX_POINT('',#2605);
#800=VERTEX_POINT('',#2609);
#801=VERTEX_POINT('',#2613);
#802=VERTEX_POINT('',#2617);
#803=VERTEX_POINT('',#2621);
#804=VERTEX_POINT('',#2625);
#805=VERTEX_POINT('',#2629);
#806=VERTEX_POINT('',#2633);
#807=VERTEX_POINT('',#2637);
#808=VERTEX_POINT('',#2641);
#809=EDGE_CURVE('',#655,#656,#193,.T.);
#810=EDGE_CURVE('',#655,#657,#194,.T.);
#811=EDGE_CURVE('',#658,#657,#195,.T.);
#812=EDGE_CURVE('',#656,#658,#196,.T.);
#813=EDGE_CURVE('',#656,#659,#197,.T.);
#814=EDGE_CURVE('',#660,#658,#198,.T.);
#815=EDGE_CURVE('',#659,#660,#199,.T.);
#816=EDGE_CURVE('',#659,#661,#200,.T.);
#817=EDGE_CURVE('',#662,#660,#201,.T.);
#818=EDGE_CURVE('',#661,#662,#202,.T.);
#819=EDGE_CURVE('',#661,#663,#203,.T.);
#820=EDGE_CURVE('',#664,#662,#204,.T.);
#821=EDGE_CURVE('',#663,#664,#205,.T.);
#822=EDGE_CURVE('',#663,#665,#206,.T.);
#823=EDGE_CURVE('',#666,#664,#207,.T.);
#824=EDGE_CURVE('',#665,#666,#208,.T.);
#825=EDGE_CURVE('',#665,#667,#209,.T.);
#826=EDGE_CURVE('',#668,#666,#210,.T.);
#827=EDGE_CURVE('',#667,#668,#211,.T.);
#828=EDGE_CURVE('',#667,#669,#212,.T.);
#829=EDGE_CURVE('',#670,#668,#213,.T.);
#830=EDGE_CURVE('',#669,#670,#214,.T.);
#831=EDGE_CURVE('',#669,#671,#215,.T.);
#832=EDGE_CURVE('',#672,#670,#216,.T.);
#833=EDGE_CURVE('',#671,#672,#217,.T.);
#834=EDGE_CURVE('',#671,#673,#218,.T.);
#835=EDGE_CURVE('',#674,#672,#219,.T.);
#836=EDGE_CURVE('',#673,#674,#220,.T.);
#837=EDGE_CURVE('',#673,#675,#221,.T.);
#838=EDGE_CURVE('',#676,#674,#222,.T.);
#839=EDGE_CURVE('',#675,#676,#223,.T.);
#840=EDGE_CURVE('',#675,#677,#224,.T.);
#841=EDGE_CURVE('',#678,#676,#225,.T.);
#842=EDGE_CURVE('',#677,#678,#226,.T.);
#843=EDGE_CURVE('',#677,#679,#227,.T.);
#844=EDGE_CURVE('',#680,#678,#228,.T.);
#845=EDGE_CURVE('',#679,#680,#229,.T.);
#846=EDGE_CURVE('',#679,#681,#230,.T.);
#847=EDGE_CURVE('',#682,#680,#231,.T.);
#848=EDGE_CURVE('',#681,#682,#232,.T.);
#849=EDGE_CURVE('',#681,#683,#233,.T.);
#850=EDGE_CURVE('',#684,#682,#234,.T.);
#851=EDGE_CURVE('',#683,#684,#235,.T.);
#852=EDGE_CURVE('',#683,#685,#236,.T.);
#853=EDGE_CURVE('',#686,#684,#237,.T.);
#854=EDGE_CURVE('',#685,#686,#238,.T.);
#855=EDGE_CURVE('',#685,#687,#239,.T.);
#856=EDGE_CURVE('',#688,#686,#240,.T.);
#857=EDGE_CURVE('',#687,#688,#241,.T.);
#858=EDGE_CURVE('',#687,#689,#242,.T.);
#859=EDGE_CURVE('',#690,#688,#243,.T.);
#860=EDGE_CURVE('',#689,#690,#244,.T.);
#861=EDGE_CURVE('',#689,#691,#245,.T.);
#862=EDGE_CURVE('',#692,#690,#246,.T.);
#863=EDGE_CURVE('',#691,#692,#247,.T.);
#864=EDGE_CURVE('',#691,#693,#248,.T.);
#865=EDGE_CURVE('',#694,#692,#249,.T.);
#866=EDGE_CURVE('',#693,#694,#250,.T.);
#867=EDGE_CURVE('',#693,#695,#251,.T.);
#868=EDGE_CURVE('',#696,#694,#252,.T.);
#869=EDGE_CURVE('',#695,#696,#253,.T.);
#870=EDGE_CURVE('',#695,#697,#254,.T.);
#871=EDGE_CURVE('',#698,#696,#255,.T.);
#872=EDGE_CURVE('',#697,#698,#256,.T.);
#873=EDGE_CURVE('',#697,#699,#257,.T.);
#874=EDGE_CURVE('',#700,#698,#258,.T.);
#875=EDGE_CURVE('',#699,#700,#259,.T.);
#876=EDGE_CURVE('',#699,#701,#260,.T.);
#877=EDGE_CURVE('',#702,#700,#261,.T.);
#878=EDGE_CURVE('',#701,#702,#262,.T.);
#879=EDGE_CURVE('',#701,#703,#263,.T.);
#880=EDGE_CURVE('',#704,#702,#264,.T.);
#881=EDGE_CURVE('',#703,#704,#265,.T.);
#882=EDGE_CURVE('',#703,#705,#266,.T.);
#883=EDGE_CURVE('',#706,#704,#267,.T.);
#884=EDGE_CURVE('',#705,#706,#268,.T.);
#885=EDGE_CURVE('',#705,#707,#269,.T.);
#886=EDGE_CURVE('',#708,#706,#270,.T.);
#887=EDGE_CURVE('',#707,#708,#271,.T.);
#888=EDGE_CURVE('',#707,#655,#272,.T.);
#889=EDGE_CURVE('',#657,#708,#273,.T.);
#890=EDGE_CURVE('',#709,#710,#274,.T.);
#891=EDGE_CURVE('',#710,#711,#275,.T.);
#892=EDGE_CURVE('',#711,#712,#276,.T.);
#893=EDGE_CURVE('',#712,#713,#277,.T.);
#894=EDGE_CURVE('',#713,#714,#278,.T.);
#895=EDGE_CURVE('',#714,#715,#279,.T.);
#896=EDGE_CURVE('',#715,#716,#280,.T.);
#897=EDGE_CURVE('',#716,#717,#281,.T.);
#898=EDGE_CURVE('',#717,#718,#282,.T.);
#899=EDGE_CURVE('',#718,#719,#283,.T.);
#900=EDGE_CURVE('',#719,#720,#284,.T.);
#901=EDGE_CURVE('',#720,#721,#285,.T.);
#902=EDGE_CURVE('',#721,#722,#286,.T.);
#903=EDGE_CURVE('',#722,#723,#287,.T.);
#904=EDGE_CURVE('',#723,#724,#288,.T.);
#905=EDGE_CURVE('',#724,#725,#289,.T.);
#906=EDGE_CURVE('',#725,#726,#290,.T.);
#907=EDGE_CURVE('',#726,#727,#291,.T.);
#908=EDGE_CURVE('',#727,#728,#292,.T.);
#909=EDGE_CURVE('',#728,#729,#293,.T.);
#910=EDGE_CURVE('',#729,#730,#294,.T.);
#911=EDGE_CURVE('',#730,#731,#295,.T.);
#912=EDGE_CURVE('',#731,#709,#296,.T.);
#913=EDGE_CURVE('',#732,#733,#297,.T.);
#914=EDGE_CURVE('',#733,#734,#298,.T.);
#915=EDGE_CURVE('',#734,#735,#299,.T.);
#916=EDGE_CURVE('',#735,#736,#300,.T.);
#917=EDGE_CURVE('',#736,#737,#301,.T.);
#918=EDGE_CURVE('',#737,#738,#302,.T.);
#919=EDGE_CURVE('',#738,#739,#303,.T.);
#920=EDGE_CURVE('',#739,#740,#304,.T.);
#921=EDGE_CURVE('',#740,#741,#305,.T.);
#922=EDGE_CURVE('',#741,#742,#306,.T.);
#923=EDGE_CURVE('',#742,#743,#307,.T.);
#924=EDGE_CURVE('',#743,#744,#308,.T.);
#925=EDGE_CURVE('',#744,#745,#309,.T.);
#926=EDGE_CURVE('',#745,#746,#310,.T.);
#927=EDGE_CURVE('',#746,#747,#311,.T.);
#928=EDGE_CURVE('',#747,#748,#312,.T.);
#929=EDGE_CURVE('',#748,#749,#313,.T.);
#930=EDGE_CURVE('',#749,#750,#314,.T.);
#931=EDGE_CURVE('',#750,#751,#315,.T.);
#932=EDGE_CURVE('',#751,#752,#316,.T.);
#933=EDGE_CURVE('',#752,#753,#317,.T.);
#934=EDGE_CURVE('',#753,#754,#318,.T.);
#935=EDGE_CURVE('',#754,#755,#319,.T.);
#936=EDGE_CURVE('',#755,#756,#320,.T.);
#937=EDGE_CURVE('',#756,#757,#321,.T.);
#938=EDGE_CURVE('',#757,#758,#322,.T.);
#939=EDGE_CURVE('',#758,#732,#323,.T.);
#940=EDGE_CURVE('',#759,#733,#324,.T.);
#941=EDGE_CURVE('',#760,#759,#325,.T.);
#942=EDGE_CURVE('',#760,#734,#326,.T.);
#943=EDGE_CURVE('',#761,#760,#327,.T.);
#944=EDGE_CURVE('',#761,#735,#328,.T.);
#945=EDGE_CURVE('',#762,#761,#329,.T.);
#946=EDGE_CURVE('',#762,#736,#330,.T.);
#947=EDGE_CURVE('',#763,#762,#331,.T.);
#948=EDGE_CURVE('',#763,#737,#332,.T.);
#949=EDGE_CURVE('',#764,#763,#333,.T.);
#950=EDGE_CURVE('',#764,#738,#334,.T.);
#951=EDGE_CURVE('',#765,#764,#335,.T.);
#952=EDGE_CURVE('',#765,#739,#336,.T.);
#953=EDGE_CURVE('',#766,#765,#337,.T.);
#954=EDGE_CURVE('',#766,#740,#338,.T.);
#955=EDGE_CURVE('',#767,#766,#339,.T.);
#956=EDGE_CURVE('',#767,#741,#340,.T.);
#957=EDGE_CURVE('',#768,#767,#341,.T.);
#958=EDGE_CURVE('',#768,#742,#342,.T.);
#959=EDGE_CURVE('',#769,#768,#343,.T.);
#960=EDGE_CURVE('',#769,#743,#344,.T.);
#961=EDGE_CURVE('',#770,#769,#345,.T.);
#962=EDGE_CURVE('',#770,#744,#346,.T.);
#963=EDGE_CURVE('',#771,#770,#347,.T.);
#964=EDGE_CURVE('',#771,#745,#348,.T.);
#965=EDGE_CURVE('',#772,#771,#349,.T.);
#966=EDGE_CURVE('',#772,#746,#350,.T.);
#967=EDGE_CURVE('',#773,#772,#351,.T.);
#968=EDGE_CURVE('',#773,#747,#352,.T.);
#969=EDGE_CURVE('',#774,#773,#353,.T.);
#970=EDGE_CURVE('',#774,#748,#354,.T.);
#971=EDGE_CURVE('',#775,#774,#355,.T.);
#972=EDGE_CURVE('',#775,#749,#356,.T.);
#973=EDGE_CURVE('',#776,#775,#357,.T.);
#974=EDGE_CURVE('',#776,#750,#358,.T.);
#975=EDGE_CURVE('',#777,#776,#359,.T.);
#976=EDGE_CURVE('',#777,#751,#360,.T.);
#977=EDGE_CURVE('',#778,#777,#361,.T.);
#978=EDGE_CURVE('',#778,#752,#362,.T.);
#979=EDGE_CURVE('',#779,#778,#363,.T.);
#980=EDGE_CURVE('',#779,#753,#364,.T.);
#981=EDGE_CURVE('',#780,#779,#365,.T.);
#982=EDGE_CURVE('',#780,#754,#366,.T.);
#983=EDGE_CURVE('',#781,#780,#367,.T.);
#984=EDGE_CURVE('',#781,#755,#368,.T.);
#985=EDGE_CURVE('',#782,#781,#369,.T.);
#986=EDGE_CURVE('',#782,#756,#370,.T.);
#987=EDGE_CURVE('',#783,#782,#371,.T.);
#988=EDGE_CURVE('',#783,#757,#372,.T.);
#989=EDGE_CURVE('',#784,#783,#373,.T.);
#990=EDGE_CURVE('',#784,#758,#374,.T.);
#991=EDGE_CURVE('',#785,#784,#375,.T.);
#992=EDGE_CURVE('',#732,#785,#376,.T.);
#993=EDGE_CURVE('',#759,#785,#377,.T.);
#994=EDGE_CURVE('',#786,#710,#378,.T.);
#995=EDGE_CURVE('',#787,#786,#379,.T.);
#996=EDGE_CURVE('',#787,#711,#380,.T.);
#997=EDGE_CURVE('',#788,#787,#381,.T.);
#998=EDGE_CURVE('',#788,#712,#382,.T.);
#999=EDGE_CURVE('',#789,#788,#383,.T.);
#1000=EDGE_CURVE('',#789,#713,#384,.T.);
#1001=EDGE_CURVE('',#790,#789,#385,.T.);
#1002=EDGE_CURVE('',#790,#714,#386,.T.);
#1003=EDGE_CURVE('',#791,#790,#387,.T.);
#1004=EDGE_CURVE('',#791,#715,#388,.T.);
#1005=EDGE_CURVE('',#792,#791,#389,.T.);
#1006=EDGE_CURVE('',#792,#716,#390,.T.);
#1007=EDGE_CURVE('',#793,#792,#391,.T.);
#1008=EDGE_CURVE('',#793,#717,#392,.T.);
#1009=EDGE_CURVE('',#794,#793,#393,.T.);
#1010=EDGE_CURVE('',#794,#718,#394,.T.);
#1011=EDGE_CURVE('',#795,#794,#395,.T.);
#1012=EDGE_CURVE('',#795,#719,#396,.T.);
#1013=EDGE_CURVE('',#796,#795,#397,.T.);
#1014=EDGE_CURVE('',#796,#720,#398,.T.);
#1015=EDGE_CURVE('',#797,#796,#399,.T.);
#1016=EDGE_CURVE('',#797,#721,#400,.T.);
#1017=EDGE_CURVE('',#798,#797,#401,.T.);
#1018=EDGE_CURVE('',#798,#722,#402,.T.);
#1019=EDGE_CURVE('',#799,#798,#403,.T.);
#1020=EDGE_CURVE('',#799,#723,#404,.T.);
#1021=EDGE_CURVE('',#800,#799,#405,.T.);
#1022=EDGE_CURVE('',#800,#724,#406,.T.);
#1023=EDGE_CURVE('',#801,#800,#407,.T.);
#1024=EDGE_CURVE('',#801,#725,#408,.T.);
#1025=EDGE_CURVE('',#802,#801,#409,.T.);
#1026=EDGE_CURVE('',#802,#726,#410,.T.);
#1027=EDGE_CURVE('',#803,#802,#411,.T.);
#1028=EDGE_CURVE('',#803,#727,#412,.T.);
#1029=EDGE_CURVE('',#804,#803,#413,.T.);
#1030=EDGE_CURVE('',#804,#728,#414,.T.);
#1031=EDGE_CURVE('',#805,#804,#415,.T.);
#1032=EDGE_CURVE('',#805,#729,#416,.T.);
#1033=EDGE_CURVE('',#806,#805,#417,.T.);
#1034=EDGE_CURVE('',#806,#730,#418,.T.);
#1035=EDGE_CURVE('',#807,#806,#419,.T.);
#1036=EDGE_CURVE('',#807,#731,#420,.T.);
#1037=EDGE_CURVE('',#808,#807,#421,.T.);
#1038=EDGE_CURVE('',#709,#808,#422,.T.);
#1039=EDGE_CURVE('',#786,#808,#423,.T.);
#1040=ORIENTED_EDGE('',*,*,#809,.F.);
#1041=ORIENTED_EDGE('',*,*,#810,.T.);
#1042=ORIENTED_EDGE('',*,*,#811,.F.);
#1043=ORIENTED_EDGE('',*,*,#812,.F.);
#1044=ORIENTED_EDGE('',*,*,#813,.F.);
#1045=ORIENTED_EDGE('',*,*,#812,.T.);
#1046=ORIENTED_EDGE('',*,*,#814,.F.);
#1047=ORIENTED_EDGE('',*,*,#815,.F.);
#1048=ORIENTED_EDGE('',*,*,#816,.F.);
#1049=ORIENTED_EDGE('',*,*,#815,.T.);
#1050=ORIENTED_EDGE('',*,*,#817,.F.);
#1051=ORIENTED_EDGE('',*,*,#818,.F.);
#1052=ORIENTED_EDGE('',*,*,#819,.F.);
#1053=ORIENTED_EDGE('',*,*,#818,.T.);
#1054=ORIENTED_EDGE('',*,*,#820,.F.);
#1055=ORIENTED_EDGE('',*,*,#821,.F.);
#1056=ORIENTED_EDGE('',*,*,#822,.F.);
#1057=ORIENTED_EDGE('',*,*,#821,.T.);
#1058=ORIENTED_EDGE('',*,*,#823,.F.);
#1059=ORIENTED_EDGE('',*,*,#824,.F.);
#1060=ORIENTED_EDGE('',*,*,#825,.F.);
#1061=ORIENTED_EDGE('',*,*,#824,.T.);
#1062=ORIENTED_EDGE('',*,*,#826,.F.);
#1063=ORIENTED_EDGE('',*,*,#827,.F.);
#1064=ORIENTED_EDGE('',*,*,#828,.F.);
#1065=ORIENTED_EDGE('',*,*,#827,.T.);
#1066=ORIENTED_EDGE('',*,*,#829,.F.);
#1067=ORIENTED_EDGE('',*,*,#830,.F.);
#1068=ORIENTED_EDGE('',*,*,#831,.F.);
#1069=ORIENTED_EDGE('',*,*,#830,.T.);
#1070=ORIENTED_EDGE('',*,*,#832,.F.);
#1071=ORIENTED_EDGE('',*,*,#833,.F.);
#1072=ORIENTED_EDGE('',*,*,#834,.F.);
#1073=ORIENTED_EDGE('',*,*,#833,.T.);
#1074=ORIENTED_EDGE('',*,*,#835,.F.);
#1075=ORIENTED_EDGE('',*,*,#836,.F.);
#1076=ORIENTED_EDGE('',*,*,#837,.F.);
#1077=ORIENTED_EDGE('',*,*,#836,.T.);
#1078=ORIENTED_EDGE('',*,*,#838,.F.);
#1079=ORIENTED_EDGE('',*,*,#839,.F.);
#1080=ORIENTED_EDGE('',*,*,#840,.F.);
#1081=ORIENTED_EDGE('',*,*,#839,.T.);
#1082=ORIENTED_EDGE('',*,*,#841,.F.);
#1083=ORIENTED_EDGE('',*,*,#842,.F.);
#1084=ORIENTED_EDGE('',*,*,#843,.F.);
#1085=ORIENTED_EDGE('',*,*,#842,.T.);
#1086=ORIENTED_EDGE('',*,*,#844,.F.);
#1087=ORIENTED_EDGE('',*,*,#845,.F.);
#1088=ORIENTED_EDGE('',*,*,#846,.F.);
#1089=ORIENTED_EDGE('',*,*,#845,.T.);
#1090=ORIENTED_EDGE('',*,*,#847,.F.);
#1091=ORIENTED_EDGE('',*,*,#848,.F.);
#1092=ORIENTED_EDGE('',*,*,#849,.F.);
#1093=ORIENTED_EDGE('',*,*,#848,.T.);
#1094=ORIENTED_EDGE('',*,*,#850,.F.);
#1095=ORIENTED_EDGE('',*,*,#851,.F.);
#1096=ORIENTED_EDGE('',*,*,#852,.F.);
#1097=ORIENTED_EDGE('',*,*,#851,.T.);
#1098=ORIENTED_EDGE('',*,*,#853,.F.);
#1099=ORIENTED_EDGE('',*,*,#854,.F.);
#1100=ORIENTED_EDGE('',*,*,#855,.F.);
#1101=ORIENTED_EDGE('',*,*,#854,.T.);
#1102=ORIENTED_EDGE('',*,*,#856,.F.);
#1103=ORIENTED_EDGE('',*,*,#857,.F.);
#1104=ORIENTED_EDGE('',*,*,#858,.F.);
#1105=ORIENTED_EDGE('',*,*,#857,.T.);
#1106=ORIENTED_EDGE('',*,*,#859,.F.);
#1107=ORIENTED_EDGE('',*,*,#860,.F.);
#1108=ORIENTED_EDGE('',*,*,#861,.F.);
#1109=ORIENTED_EDGE('',*,*,#860,.T.);
#1110=ORIENTED_EDGE('',*,*,#862,.F.);
#1111=ORIENTED_EDGE('',*,*,#863,.F.);
#1112=ORIENTED_EDGE('',*,*,#864,.F.);
#1113=ORIENTED_EDGE('',*,*,#863,.T.);
#1114=ORIENTED_EDGE('',*,*,#865,.F.);
#1115=ORIENTED_EDGE('',*,*,#866,.F.);
#1116=ORIENTED_EDGE('',*,*,#867,.F.);
#1117=ORIENTED_EDGE('',*,*,#866,.T.);
#1118=ORIENTED_EDGE('',*,*,#868,.F.);
#1119=ORIENTED_EDGE('',*,*,#869,.F.);
#1120=ORIENTED_EDGE('',*,*,#870,.F.);
#1121=ORIENTED_EDGE('',*,*,#869,.T.);
#1122=ORIENTED_EDGE('',*,*,#871,.F.);
#1123=ORIENTED_EDGE('',*,*,#872,.F.);
#1124=ORIENTED_EDGE('',*,*,#873,.F.);
#1125=ORIENTED_EDGE('',*,*,#872,.T.);
#1126=ORIENTED_EDGE('',*,*,#874,.F.);
#1127=ORIENTED_EDGE('',*,*,#875,.F.);
#1128=ORIENTED_EDGE('',*,*,#876,.F.);
#1129=ORIENTED_EDGE('',*,*,#875,.T.);
#1130=ORIENTED_EDGE('',*,*,#877,.F.);
#1131=ORIENTED_EDGE('',*,*,#878,.F.);
#1132=ORIENTED_EDGE('',*,*,#879,.F.);
#1133=ORIENTED_EDGE('',*,*,#878,.T.);
#1134=ORIENTED_EDGE('',*,*,#880,.F.);
#1135=ORIENTED_EDGE('',*,*,#881,.F.);
#1136=ORIENTED_EDGE('',*,*,#882,.F.);
#1137=ORIENTED_EDGE('',*,*,#881,.T.);
#1138=ORIENTED_EDGE('',*,*,#883,.F.);
#1139=ORIENTED_EDGE('',*,*,#884,.F.);
#1140=ORIENTED_EDGE('',*,*,#885,.F.);
#1141=ORIENTED_EDGE('',*,*,#884,.T.);
#1142=ORIENTED_EDGE('',*,*,#886,.F.);
#1143=ORIENTED_EDGE('',*,*,#887,.F.);
#1144=ORIENTED_EDGE('',*,*,#888,.F.);
#1145=ORIENTED_EDGE('',*,*,#887,.T.);
#1146=ORIENTED_EDGE('',*,*,#889,.F.);
#1147=ORIENTED_EDGE('',*,*,#810,.F.);
#1148=ORIENTED_EDGE('',*,*,#888,.T.);
#1149=ORIENTED_EDGE('',*,*,#809,.T.);
#1150=ORIENTED_EDGE('',*,*,#813,.T.);
#1151=ORIENTED_EDGE('',*,*,#816,.T.);
#1152=ORIENTED_EDGE('',*,*,#819,.T.);
#1153=ORIENTED_EDGE('',*,*,#822,.T.);
#1154=ORIENTED_EDGE('',*,*,#825,.T.);
#1155=ORIENTED_EDGE('',*,*,#828,.T.);
#1156=ORIENTED_EDGE('',*,*,#831,.T.);
#1157=ORIENTED_EDGE('',*,*,#834,.T.);
#1158=ORIENTED_EDGE('',*,*,#837,.T.);
#1159=ORIENTED_EDGE('',*,*,#840,.T.);
#1160=ORIENTED_EDGE('',*,*,#843,.T.);
#1161=ORIENTED_EDGE('',*,*,#846,.T.);
#1162=ORIENTED_EDGE('',*,*,#849,.T.);
#1163=ORIENTED_EDGE('',*,*,#852,.T.);
#1164=ORIENTED_EDGE('',*,*,#855,.T.);
#1165=ORIENTED_EDGE('',*,*,#858,.T.);
#1166=ORIENTED_EDGE('',*,*,#861,.T.);
#1167=ORIENTED_EDGE('',*,*,#864,.T.);
#1168=ORIENTED_EDGE('',*,*,#867,.T.);
#1169=ORIENTED_EDGE('',*,*,#870,.T.);
#1170=ORIENTED_EDGE('',*,*,#873,.T.);
#1171=ORIENTED_EDGE('',*,*,#876,.T.);
#1172=ORIENTED_EDGE('',*,*,#879,.T.);
#1173=ORIENTED_EDGE('',*,*,#882,.T.);
#1174=ORIENTED_EDGE('',*,*,#885,.T.);
#1175=ORIENTED_EDGE('',*,*,#889,.T.);
#1176=ORIENTED_EDGE('',*,*,#886,.T.);
#1177=ORIENTED_EDGE('',*,*,#883,.T.);
#1178=ORIENTED_EDGE('',*,*,#880,.T.);
#1179=ORIENTED_EDGE('',*,*,#877,.T.);
#1180=ORIENTED_EDGE('',*,*,#874,.T.);
#1181=ORIENTED_EDGE('',*,*,#871,.T.);
#1182=ORIENTED_EDGE('',*,*,#868,.T.);
#1183=ORIENTED_EDGE('',*,*,#865,.T.);
#1184=ORIENTED_EDGE('',*,*,#862,.T.);
#1185=ORIENTED_EDGE('',*,*,#859,.T.);
#1186=ORIENTED_EDGE('',*,*,#856,.T.);
#1187=ORIENTED_EDGE('',*,*,#853,.T.);
#1188=ORIENTED_EDGE('',*,*,#850,.T.);
#1189=ORIENTED_EDGE('',*,*,#847,.T.);
#1190=ORIENTED_EDGE('',*,*,#844,.T.);
#1191=ORIENTED_EDGE('',*,*,#841,.T.);
#1192=ORIENTED_EDGE('',*,*,#838,.T.);
#1193=ORIENTED_EDGE('',*,*,#835,.T.);
#1194=ORIENTED_EDGE('',*,*,#832,.T.);
#1195=ORIENTED_EDGE('',*,*,#829,.T.);
#1196=ORIENTED_EDGE('',*,*,#826,.T.);
#1197=ORIENTED_EDGE('',*,*,#823,.T.);
#1198=ORIENTED_EDGE('',*,*,#820,.T.);
#1199=ORIENTED_EDGE('',*,*,#817,.T.);
#1200=ORIENTED_EDGE('',*,*,#814,.T.);
#1201=ORIENTED_EDGE('',*,*,#811,.T.);
#1202=ORIENTED_EDGE('',*,*,#890,.T.);
#1203=ORIENTED_EDGE('',*,*,#891,.T.);
#1204=ORIENTED_EDGE('',*,*,#892,.T.);
#1205=ORIENTED_EDGE('',*,*,#893,.T.);
#1206=ORIENTED_EDGE('',*,*,#894,.T.);
#1207=ORIENTED_EDGE('',*,*,#895,.T.);
#1208=ORIENTED_EDGE('',*,*,#896,.T.);
#1209=ORIENTED_EDGE('',*,*,#897,.T.);
#1210=ORIENTED_EDGE('',*,*,#898,.T.);
#1211=ORIENTED_EDGE('',*,*,#899,.T.);
#1212=ORIENTED_EDGE('',*,*,#900,.T.);
#1213=ORIENTED_EDGE('',*,*,#901,.T.);
#1214=ORIENTED_EDGE('',*,*,#902,.T.);
#1215=ORIENTED_EDGE('',*,*,#903,.T.);
#1216=ORIENTED_EDGE('',*,*,#904,.T.);
#1217=ORIENTED_EDGE('',*,*,#905,.T.);
#1218=ORIENTED_EDGE('',*,*,#906,.T.);
#1219=ORIENTED_EDGE('',*,*,#907,.T.);
#1220=ORIENTED_EDGE('',*,*,#908,.T.);
#1221=ORIENTED_EDGE('',*,*,#909,.T.);
#1222=ORIENTED_EDGE('',*,*,#910,.T.);
#1223=ORIENTED_EDGE('',*,*,#911,.T.);
#1224=ORIENTED_EDGE('',*,*,#912,.T.);
#1225=ORIENTED_EDGE('',*,*,#913,.T.);
#1226=ORIENTED_EDGE('',*,*,#914,.T.);
#1227=ORIENTED_EDGE('',*,*,#915,.T.);
#1228=ORIENTED_EDGE('',*,*,#916,.T.);
#1229=ORIENTED_EDGE('',*,*,#917,.T.);
#1230=ORIENTED_EDGE('',*,*,#918,.T.);
#1231=ORIENTED_EDGE('',*,*,#919,.T.);
#1232=ORIENTED_EDGE('',*,*,#920,.T.);
#1233=ORIENTED_EDGE('',*,*,#921,.T.);
#1234=ORIENTED_EDGE('',*,*,#922,.T.);
#1235=ORIENTED_EDGE('',*,*,#923,.T.);
#1236=ORIENTED_EDGE('',*,*,#924,.T.);
#1237=ORIENTED_EDGE('',*,*,#925,.T.);
#1238=ORIENTED_EDGE('',*,*,#926,.T.);
#1239=ORIENTED_EDGE('',*,*,#927,.T.);
#1240=ORIENTED_EDGE('',*,*,#928,.T.);
#1241=ORIENTED_EDGE('',*,*,#929,.T.);
#1242=ORIENTED_EDGE('',*,*,#930,.T.);
#1243=ORIENTED_EDGE('',*,*,#931,.T.);
#1244=ORIENTED_EDGE('',*,*,#932,.T.);
#1245=ORIENTED_EDGE('',*,*,#933,.T.);
#1246=ORIENTED_EDGE('',*,*,#934,.T.);
#1247=ORIENTED_EDGE('',*,*,#935,.T.);
#1248=ORIENTED_EDGE('',*,*,#936,.T.);
#1249=ORIENTED_EDGE('',*,*,#937,.T.);
#1250=ORIENTED_EDGE('',*,*,#938,.T.);
#1251=ORIENTED_EDGE('',*,*,#939,.T.);
#1252=ORIENTED_EDGE('',*,*,#940,.F.);
#1253=ORIENTED_EDGE('',*,*,#941,.F.);
#1254=ORIENTED_EDGE('',*,*,#942,.T.);
#1255=ORIENTED_EDGE('',*,*,#914,.F.);
#1256=ORIENTED_EDGE('',*,*,#942,.F.);
#1257=ORIENTED_EDGE('',*,*,#943,.F.);
#1258=ORIENTED_EDGE('',*,*,#944,.T.);
#1259=ORIENTED_EDGE('',*,*,#915,.F.);
#1260=ORIENTED_EDGE('',*,*,#944,.F.);
#1261=ORIENTED_EDGE('',*,*,#945,.F.);
#1262=ORIENTED_EDGE('',*,*,#946,.T.);
#1263=ORIENTED_EDGE('',*,*,#916,.F.);
#1264=ORIENTED_EDGE('',*,*,#946,.F.);
#1265=ORIENTED_EDGE('',*,*,#947,.F.);
#1266=ORIENTED_EDGE('',*,*,#948,.T.);
#1267=ORIENTED_EDGE('',*,*,#917,.F.);
#1268=ORIENTED_EDGE('',*,*,#948,.F.);
#1269=ORIENTED_EDGE('',*,*,#949,.F.);
#1270=ORIENTED_EDGE('',*,*,#950,.T.);
#1271=ORIENTED_EDGE('',*,*,#918,.F.);
#1272=ORIENTED_EDGE('',*,*,#950,.F.);
#1273=ORIENTED_EDGE('',*,*,#951,.F.);
#1274=ORIENTED_EDGE('',*,*,#952,.T.);
#1275=ORIENTED_EDGE('',*,*,#919,.F.);
#1276=ORIENTED_EDGE('',*,*,#952,.F.);
#1277=ORIENTED_EDGE('',*,*,#953,.F.);
#1278=ORIENTED_EDGE('',*,*,#954,.T.);
#1279=ORIENTED_EDGE('',*,*,#920,.F.);
#1280=ORIENTED_EDGE('',*,*,#954,.F.);
#1281=ORIENTED_EDGE('',*,*,#955,.F.);
#1282=ORIENTED_EDGE('',*,*,#956,.T.);
#1283=ORIENTED_EDGE('',*,*,#921,.F.);
#1284=ORIENTED_EDGE('',*,*,#956,.F.);
#1285=ORIENTED_EDGE('',*,*,#957,.F.);
#1286=ORIENTED_EDGE('',*,*,#958,.T.);
#1287=ORIENTED_EDGE('',*,*,#922,.F.);
#1288=ORIENTED_EDGE('',*,*,#958,.F.);
#1289=ORIENTED_EDGE('',*,*,#959,.F.);
#1290=ORIENTED_EDGE('',*,*,#960,.T.);
#1291=ORIENTED_EDGE('',*,*,#923,.F.);
#1292=ORIENTED_EDGE('',*,*,#960,.F.);
#1293=ORIENTED_EDGE('',*,*,#961,.F.);
#1294=ORIENTED_EDGE('',*,*,#962,.T.);
#1295=ORIENTED_EDGE('',*,*,#924,.F.);
#1296=ORIENTED_EDGE('',*,*,#962,.F.);
#1297=ORIENTED_EDGE('',*,*,#963,.F.);
#1298=ORIENTED_EDGE('',*,*,#964,.T.);
#1299=ORIENTED_EDGE('',*,*,#925,.F.);
#1300=ORIENTED_EDGE('',*,*,#964,.F.);
#1301=ORIENTED_EDGE('',*,*,#965,.F.);
#1302=ORIENTED_EDGE('',*,*,#966,.T.);
#1303=ORIENTED_EDGE('',*,*,#926,.F.);
#1304=ORIENTED_EDGE('',*,*,#966,.F.);
#1305=ORIENTED_EDGE('',*,*,#967,.F.);
#1306=ORIENTED_EDGE('',*,*,#968,.T.);
#1307=ORIENTED_EDGE('',*,*,#927,.F.);
#1308=ORIENTED_EDGE('',*,*,#968,.F.);
#1309=ORIENTED_EDGE('',*,*,#969,.F.);
#1310=ORIENTED_EDGE('',*,*,#970,.T.);
#1311=ORIENTED_EDGE('',*,*,#928,.F.);
#1312=ORIENTED_EDGE('',*,*,#970,.F.);
#1313=ORIENTED_EDGE('',*,*,#971,.F.);
#1314=ORIENTED_EDGE('',*,*,#972,.T.);
#1315=ORIENTED_EDGE('',*,*,#929,.F.);
#1316=ORIENTED_EDGE('',*,*,#972,.F.);
#1317=ORIENTED_EDGE('',*,*,#973,.F.);
#1318=ORIENTED_EDGE('',*,*,#974,.T.);
#1319=ORIENTED_EDGE('',*,*,#930,.F.);
#1320=ORIENTED_EDGE('',*,*,#974,.F.);
#1321=ORIENTED_EDGE('',*,*,#975,.F.);
#1322=ORIENTED_EDGE('',*,*,#976,.T.);
#1323=ORIENTED_EDGE('',*,*,#931,.F.);
#1324=ORIENTED_EDGE('',*,*,#976,.F.);
#1325=ORIENTED_EDGE('',*,*,#977,.F.);
#1326=ORIENTED_EDGE('',*,*,#978,.T.);
#1327=ORIENTED_EDGE('',*,*,#932,.F.);
#1328=ORIENTED_EDGE('',*,*,#978,.F.);
#1329=ORIENTED_EDGE('',*,*,#979,.F.);
#1330=ORIENTED_EDGE('',*,*,#980,.T.);
#1331=ORIENTED_EDGE('',*,*,#933,.F.);
#1332=ORIENTED_EDGE('',*,*,#980,.F.);
#1333=ORIENTED_EDGE('',*,*,#981,.F.);
#1334=ORIENTED_EDGE('',*,*,#982,.T.);
#1335=ORIENTED_EDGE('',*,*,#934,.F.);
#1336=ORIENTED_EDGE('',*,*,#982,.F.);
#1337=ORIENTED_EDGE('',*,*,#983,.F.);
#1338=ORIENTED_EDGE('',*,*,#984,.T.);
#1339=ORIENTED_EDGE('',*,*,#935,.F.);
#1340=ORIENTED_EDGE('',*,*,#984,.F.);
#1341=ORIENTED_EDGE('',*,*,#985,.F.);
#1342=ORIENTED_EDGE('',*,*,#986,.T.);
#1343=ORIENTED_EDGE('',*,*,#936,.F.);
#1344=ORIENTED_EDGE('',*,*,#986,.F.);
#1345=ORIENTED_EDGE('',*,*,#987,.F.);
#1346=ORIENTED_EDGE('',*,*,#988,.T.);
#1347=ORIENTED_EDGE('',*,*,#937,.F.);
#1348=ORIENTED_EDGE('',*,*,#988,.F.);
#1349=ORIENTED_EDGE('',*,*,#989,.F.);
#1350=ORIENTED_EDGE('',*,*,#990,.T.);
#1351=ORIENTED_EDGE('',*,*,#938,.F.);
#1352=ORIENTED_EDGE('',*,*,#990,.F.);
#1353=ORIENTED_EDGE('',*,*,#991,.F.);
#1354=ORIENTED_EDGE('',*,*,#992,.F.);
#1355=ORIENTED_EDGE('',*,*,#939,.F.);
#1356=ORIENTED_EDGE('',*,*,#992,.T.);
#1357=ORIENTED_EDGE('',*,*,#993,.F.);
#1358=ORIENTED_EDGE('',*,*,#940,.T.);
#1359=ORIENTED_EDGE('',*,*,#913,.F.);
#1360=ORIENTED_EDGE('',*,*,#994,.F.);
#1361=ORIENTED_EDGE('',*,*,#995,.F.);
#1362=ORIENTED_EDGE('',*,*,#996,.T.);
#1363=ORIENTED_EDGE('',*,*,#891,.F.);
#1364=ORIENTED_EDGE('',*,*,#996,.F.);
#1365=ORIENTED_EDGE('',*,*,#997,.F.);
#1366=ORIENTED_EDGE('',*,*,#998,.T.);
#1367=ORIENTED_EDGE('',*,*,#892,.F.);
#1368=ORIENTED_EDGE('',*,*,#998,.F.);
#1369=ORIENTED_EDGE('',*,*,#999,.F.);
#1370=ORIENTED_EDGE('',*,*,#1000,.T.);
#1371=ORIENTED_EDGE('',*,*,#893,.F.);
#1372=ORIENTED_EDGE('',*,*,#1000,.F.);
#1373=ORIENTED_EDGE('',*,*,#1001,.F.);
#1374=ORIENTED_EDGE('',*,*,#1002,.T.);
#1375=ORIENTED_EDGE('',*,*,#894,.F.);
#1376=ORIENTED_EDGE('',*,*,#1002,.F.);
#1377=ORIENTED_EDGE('',*,*,#1003,.F.);
#1378=ORIENTED_EDGE('',*,*,#1004,.T.);
#1379=ORIENTED_EDGE('',*,*,#895,.F.);
#1380=ORIENTED_EDGE('',*,*,#1004,.F.);
#1381=ORIENTED_EDGE('',*,*,#1005,.F.);
#1382=ORIENTED_EDGE('',*,*,#1006,.T.);
#1383=ORIENTED_EDGE('',*,*,#896,.F.);
#1384=ORIENTED_EDGE('',*,*,#1006,.F.);
#1385=ORIENTED_EDGE('',*,*,#1007,.F.);
#1386=ORIENTED_EDGE('',*,*,#1008,.T.);
#1387=ORIENTED_EDGE('',*,*,#897,.F.);
#1388=ORIENTED_EDGE('',*,*,#1008,.F.);
#1389=ORIENTED_EDGE('',*,*,#1009,.F.);
#1390=ORIENTED_EDGE('',*,*,#1010,.T.);
#1391=ORIENTED_EDGE('',*,*,#898,.F.);
#1392=ORIENTED_EDGE('',*,*,#1010,.F.);
#1393=ORIENTED_EDGE('',*,*,#1011,.F.);
#1394=ORIENTED_EDGE('',*,*,#1012,.T.);
#1395=ORIENTED_EDGE('',*,*,#899,.F.);
#1396=ORIENTED_EDGE('',*,*,#1012,.F.);
#1397=ORIENTED_EDGE('',*,*,#1013,.F.);
#1398=ORIENTED_EDGE('',*,*,#1014,.T.);
#1399=ORIENTED_EDGE('',*,*,#900,.F.);
#1400=ORIENTED_EDGE('',*,*,#1014,.F.);
#1401=ORIENTED_EDGE('',*,*,#1015,.F.);
#1402=ORIENTED_EDGE('',*,*,#1016,.T.);
#1403=ORIENTED_EDGE('',*,*,#901,.F.);
#1404=ORIENTED_EDGE('',*,*,#1016,.F.);
#1405=ORIENTED_EDGE('',*,*,#1017,.F.);
#1406=ORIENTED_EDGE('',*,*,#1018,.T.);
#1407=ORIENTED_EDGE('',*,*,#902,.F.);
#1408=ORIENTED_EDGE('',*,*,#1018,.F.);
#1409=ORIENTED_EDGE('',*,*,#1019,.F.);
#1410=ORIENTED_EDGE('',*,*,#1020,.T.);
#1411=ORIENTED_EDGE('',*,*,#903,.F.);
#1412=ORIENTED_EDGE('',*,*,#1020,.F.);
#1413=ORIENTED_EDGE('',*,*,#1021,.F.);
#1414=ORIENTED_EDGE('',*,*,#1022,.T.);
#1415=ORIENTED_EDGE('',*,*,#904,.F.);
#1416=ORIENTED_EDGE('',*,*,#1022,.F.);
#1417=ORIENTED_EDGE('',*,*,#1023,.F.);
#1418=ORIENTED_EDGE('',*,*,#1024,.T.);
#1419=ORIENTED_EDGE('',*,*,#905,.F.);
#1420=ORIENTED_EDGE('',*,*,#1024,.F.);
#1421=ORIENTED_EDGE('',*,*,#1025,.F.);
#1422=ORIENTED_EDGE('',*,*,#1026,.T.);
#1423=ORIENTED_EDGE('',*,*,#906,.F.);
#1424=ORIENTED_EDGE('',*,*,#1026,.F.);
#1425=ORIENTED_EDGE('',*,*,#1027,.F.);
#1426=ORIENTED_EDGE('',*,*,#1028,.T.);
#1427=ORIENTED_EDGE('',*,*,#907,.F.);
#1428=ORIENTED_EDGE('',*,*,#1028,.F.);
#1429=ORIENTED_EDGE('',*,*,#1029,.F.);
#1430=ORIENTED_EDGE('',*,*,#1030,.T.);
#1431=ORIENTED_EDGE('',*,*,#908,.F.);
#1432=ORIENTED_EDGE('',*,*,#1030,.F.);
#1433=ORIENTED_EDGE('',*,*,#1031,.F.);
#1434=ORIENTED_EDGE('',*,*,#1032,.T.);
#1435=ORIENTED_EDGE('',*,*,#909,.F.);
#1436=ORIENTED_EDGE('',*,*,#1032,.F.);
#1437=ORIENTED_EDGE('',*,*,#1033,.F.);
#1438=ORIENTED_EDGE('',*,*,#1034,.T.);
#1439=ORIENTED_EDGE('',*,*,#910,.F.);
#1440=ORIENTED_EDGE('',*,*,#1034,.F.);
#1441=ORIENTED_EDGE('',*,*,#1035,.F.);
#1442=ORIENTED_EDGE('',*,*,#1036,.T.);
#1443=ORIENTED_EDGE('',*,*,#911,.F.);
#1444=ORIENTED_EDGE('',*,*,#1036,.F.);
#1445=ORIENTED_EDGE('',*,*,#1037,.F.);
#1446=ORIENTED_EDGE('',*,*,#1038,.F.);
#1447=ORIENTED_EDGE('',*,*,#912,.F.);
#1448=ORIENTED_EDGE('',*,*,#1038,.T.);
#1449=ORIENTED_EDGE('',*,*,#1039,.F.);
#1450=ORIENTED_EDGE('',*,*,#994,.T.);
#1451=ORIENTED_EDGE('',*,*,#890,.F.);
#1452=ORIENTED_EDGE('',*,*,#1039,.T.);
#1453=ORIENTED_EDGE('',*,*,#1037,.T.);
#1454=ORIENTED_EDGE('',*,*,#1035,.T.);
#1455=ORIENTED_EDGE('',*,*,#1033,.T.);
#1456=ORIENTED_EDGE('',*,*,#1031,.T.);
#1457=ORIENTED_EDGE('',*,*,#1029,.T.);
#1458=ORIENTED_EDGE('',*,*,#1027,.T.);
#1459=ORIENTED_EDGE('',*,*,#1025,.T.);
#1460=ORIENTED_EDGE('',*,*,#1023,.T.);
#1461=ORIENTED_EDGE('',*,*,#1021,.T.);
#1462=ORIENTED_EDGE('',*,*,#1019,.T.);
#1463=ORIENTED_EDGE('',*,*,#1017,.T.);
#1464=ORIENTED_EDGE('',*,*,#1015,.T.);
#1465=ORIENTED_EDGE('',*,*,#1013,.T.);
#1466=ORIENTED_EDGE('',*,*,#1011,.T.);
#1467=ORIENTED_EDGE('',*,*,#1009,.T.);
#1468=ORIENTED_EDGE('',*,*,#1007,.T.);
#1469=ORIENTED_EDGE('',*,*,#1005,.T.);
#1470=ORIENTED_EDGE('',*,*,#1003,.T.);
#1471=ORIENTED_EDGE('',*,*,#1001,.T.);
#1472=ORIENTED_EDGE('',*,*,#999,.T.);
#1473=ORIENTED_EDGE('',*,*,#997,.T.);
#1474=ORIENTED_EDGE('',*,*,#995,.T.);
#1475=ORIENTED_EDGE('',*,*,#993,.T.);
#1476=ORIENTED_EDGE('',*,*,#991,.T.);
#1477=ORIENTED_EDGE('',*,*,#989,.T.);
#1478=ORIENTED_EDGE('',*,*,#987,.T.);
#1479=ORIENTED_EDGE('',*,*,#985,.T.);
#1480=ORIENTED_EDGE('',*,*,#983,.T.);
#1481=ORIENTED_EDGE('',*,*,#981,.T.);
#1482=ORIENTED_EDGE('',*,*,#979,.T.);
#1483=ORIENTED_EDGE('',*,*,#977,.T.);
#1484=ORIENTED_EDGE('',*,*,#975,.T.);
#1485=ORIENTED_EDGE('',*,*,#973,.T.);
#1486=ORIENTED_EDGE('',*,*,#971,.T.);
#1487=ORIENTED_EDGE('',*,*,#969,.T.);
#1488=ORIENTED_EDGE('',*,*,#967,.T.);
#1489=ORIENTED_EDGE('',*,*,#965,.T.);
#1490=ORIENTED_EDGE('',*,*,#963,.T.);
#1491=ORIENTED_EDGE('',*,*,#961,.T.);
#1492=ORIENTED_EDGE('',*,*,#959,.T.);
#1493=ORIENTED_EDGE('',*,*,#957,.T.);
#1494=ORIENTED_EDGE('',*,*,#955,.T.);
#1495=ORIENTED_EDGE('',*,*,#953,.T.);
#1496=ORIENTED_EDGE('',*,*,#951,.T.);
#1497=ORIENTED_EDGE('',*,*,#949,.T.);
#1498=ORIENTED_EDGE('',*,*,#947,.T.);
#1499=ORIENTED_EDGE('',*,*,#945,.T.);
#1500=ORIENTED_EDGE('',*,*,#943,.T.);
#1501=ORIENTED_EDGE('',*,*,#941,.T.);
#1502=PLANE('',#1691);
#1503=PLANE('',#1692);
#1504=PLANE('',#1693);
#1505=PLANE('',#1694);
#1506=PLANE('',#1695);
#1507=PLANE('',#1696);
#1508=PLANE('',#1697);
#1509=PLANE('',#1698);
#1510=PLANE('',#1699);
#1511=PLANE('',#1700);
#1512=PLANE('',#1701);
#1513=PLANE('',#1702);
#1514=PLANE('',#1703);
#1515=PLANE('',#1704);
#1516=PLANE('',#1705);
#1517=PLANE('',#1706);
#1518=PLANE('',#1707);
#1519=PLANE('',#1708);
#1520=PLANE('',#1709);
#1521=PLANE('',#1710);
#1522=PLANE('',#1711);
#1523=PLANE('',#1712);
#1524=PLANE('',#1713);
#1525=PLANE('',#1714);
#1526=PLANE('',#1715);
#1527=PLANE('',#1716);
#1528=PLANE('',#1717);
#1529=PLANE('',#1718);
#1530=PLANE('',#1719);
#1531=PLANE('',#1721);
#1532=PLANE('',#1722);
#1533=PLANE('',#1723);
#1534=PLANE('',#1724);
#1535=PLANE('',#1725);
#1536=PLANE('',#1726);
#1537=PLANE('',#1727);
#1538=PLANE('',#1728);
#1539=PLANE('',#1729);
#1540=PLANE('',#1730);
#1541=PLANE('',#1731);
#1542=PLANE('',#1732);
#1543=PLANE('',#1733);
#1544=PLANE('',#1734);
#1545=PLANE('',#1735);
#1546=PLANE('',#1736);
#1547=PLANE('',#1737);
#1548=PLANE('',#1738);
#1549=PLANE('',#1739);
#1550=PLANE('',#1740);
#1551=PLANE('',#1741);
#1552=PLANE('',#1742);
#1553=PLANE('',#1743);
#1554=PLANE('',#1744);
#1555=PLANE('',#1745);
#1556=PLANE('',#1746);
#1557=PLANE('',#1747);
#1558=PLANE('',#1748);
#1559=PLANE('',#1749);
#1560=PLANE('',#1750);
#1561=PLANE('',#1751);
#1562=PLANE('',#1752);
#1563=PLANE('',#1753);
#1564=PLANE('',#1754);
#1565=PLANE('',#1755);
#1566=PLANE('',#1756);
#1567=PLANE('',#1757);
#1568=PLANE('',#1758);
#1569=PLANE('',#1759);
#1570=PLANE('',#1760);
#1571=PLANE('',#1761);
#1572=PLANE('',#1762);
#1573=PLANE('',#1763);
#1574=PLANE('',#1764);
#1575=PLANE('',#1765);
#1576=PLANE('',#1766);
#1577=PLANE('',#1767);
#1578=PLANE('',#1768);
#1579=PLANE('',#1769);
#1580=PLANE('',#1770);
#1581=PLANE('',#1771);
#1582=PLANE('',#1772);
#1583=ADVANCED_FACE('',(#29),#1502,.T.);
#1584=ADVANCED_FACE('',(#30),#1503,.T.);
#1585=ADVANCED_FACE('',(#31),#1504,.T.);
#1586=ADVANCED_FACE('',(#32),#1505,.T.);
#1587=ADVANCED_FACE('',(#33),#1506,.T.);
#1588=ADVANCED_FACE('',(#34),#1507,.T.);
#1589=ADVANCED_FACE('',(#35),#1508,.T.);
#1590=ADVANCED_FACE('',(#36),#1509,.T.);
#1591=ADVANCED_FACE('',(#37),#1510,.T.);
#1592=ADVANCED_FACE('',(#38),#1511,.T.);
#1593=ADVANCED_FACE('',(#39),#1512,.T.);
#1594=ADVANCED_FACE('',(#40),#1513,.T.);
#1595=ADVANCED_FACE('',(#41),#1514,.T.);
#1596=ADVANCED_FACE('',(#42),#1515,.T.);
#1597=ADVANCED_FACE('',(#43),#1516,.T.);
#1598=ADVANCED_FACE('',(#44),#1517,.T.);
#1599=ADVANCED_FACE('',(#45),#1518,.T.);
#1600=ADVANCED_FACE('',(#46),#1519,.T.);
#1601=ADVANCED_FACE('',(#47),#1520,.T.);
#1602=ADVANCED_FACE('',(#48),#1521,.T.);
#1603=ADVANCED_FACE('',(#49),#1522,.T.);
#1604=ADVANCED_FACE('',(#50),#1523,.T.);
#1605=ADVANCED_FACE('',(#51),#1524,.T.);
#1606=ADVANCED_FACE('',(#52),#1525,.T.);
#1607=ADVANCED_FACE('',(#53),#1526,.T.);
#1608=ADVANCED_FACE('',(#54),#1527,.T.);
#1609=ADVANCED_FACE('',(#55),#1528,.T.);
#1610=ADVANCED_FACE('',(#56),#1529,.T.);
#1611=ADVANCED_FACE('',(#57),#1530,.T.);
#1612=ADVANCED_FACE('',(#58,#19),#1531,.T.);
#1613=ADVANCED_FACE('',(#59),#1532,.T.);
#1614=ADVANCED_FACE('',(#60),#1533,.T.);
#1615=ADVANCED_FACE('',(#61),#1534,.T.);
#1616=ADVANCED_FACE('',(#62),#1535,.T.);
#1617=ADVANCED_FACE('',(#63),#1536,.T.);
#1618=ADVANCED_FACE('',(#64),#1537,.T.);
#1619=ADVANCED_FACE('',(#65),#1538,.T.);
#1620=ADVANCED_FACE('',(#66),#1539,.T.);
#1621=ADVANCED_FACE('',(#67),#1540,.T.);
#1622=ADVANCED_FACE('',(#68),#1541,.T.);
#1623=ADVANCED_FACE('',(#69),#1542,.T.);
#1624=ADVANCED_FACE('',(#70),#1543,.T.);
#1625=ADVANCED_FACE('',(#71),#1544,.T.);
#1626=ADVANCED_FACE('',(#72),#1545,.T.);
#1627=ADVANCED_FACE('',(#73),#1546,.T.);
#1628=ADVANCED_FACE('',(#74),#1547,.T.);
#1629=ADVANCED_FACE('',(#75),#1548,.T.);
#1630=ADVANCED_FACE('',(#76),#1549,.T.);
#1631=ADVANCED_FACE('',(#77),#1550,.T.);
#1632=ADVANCED_FACE('',(#78),#1551,.T.);
#1633=ADVANCED_FACE('',(#79),#1552,.T.);
#1634=ADVANCED_FACE('',(#80),#1553,.T.);
#1635=ADVANCED_FACE('',(#81),#1554,.T.);
#1636=ADVANCED_FACE('',(#82),#1555,.T.);
#1637=ADVANCED_FACE('',(#83),#1556,.T.);
#1638=ADVANCED_FACE('',(#84),#1557,.T.);
#1639=ADVANCED_FACE('',(#85),#1558,.T.);
#1640=ADVANCED_FACE('',(#86),#1559,.T.);
#1641=ADVANCED_FACE('',(#87),#1560,.T.);
#1642=ADVANCED_FACE('',(#88),#1561,.T.);
#1643=ADVANCED_FACE('',(#89),#1562,.T.);
#1644=ADVANCED_FACE('',(#90),#1563,.T.);
#1645=ADVANCED_FACE('',(#91),#1564,.T.);
#1646=ADVANCED_FACE('',(#92),#1565,.T.);
#1647=ADVANCED_FACE('',(#93),#1566,.T.);
#1648=ADVANCED_FACE('',(#94),#1567,.T.);
#1649=ADVANCED_FACE('',(#95),#1568,.T.);
#1650=ADVANCED_FACE('',(#96),#1569,.T.);
#1651=ADVANCED_FACE('',(#97),#1570,.T.);
#1652=ADVANCED_FACE('',(#98),#1571,.T.);
#1653=ADVANCED_FACE('',(#99),#1572,.T.);
#1654=ADVANCED_FACE('',(#100),#1573,.T.);
#1655=ADVANCED_FACE('',(#101),#1574,.T.);
#1656=ADVANCED_FACE('',(#102),#1575,.T.);
#1657=ADVANCED_FACE('',(#103),#1576,.T.);
#1658=ADVANCED_FACE('',(#104),#1577,.T.);
#1659=ADVANCED_FACE('',(#105),#1578,.T.);
#1660=ADVANCED_FACE('',(#106),#1579,.T.);
#1661=ADVANCED_FACE('',(#107),#1580,.T.);
#1662=ADVANCED_FACE('',(#108),#1581,.T.);
#1663=ADVANCED_FACE('',(#109,#20),#1582,.T.);
#1664=CLOSED_SHELL('',(#1583,#1584,#1585,#1586,#1587,#1588,#1589,#1590,
#1591,#1592,#1593,#1594,#1595,#1596,#1597,#1598,#1599,#1600,#1601,#1602,
#1603,#1604,#1605,#1606,#1607,#1608,#1609,#1610,#1611));
#1665=CLOSED_SHELL('',(#1612,#1613,#1614,#1615,#1616,#1617,#1618,#1619,
#1620,#1621,#1622,#1623,#1624,#1625,#1626,#1627,#1628,#1629,#1630,#1631,
#1632,#1633,#1634,#1635,#1636,#1637,#1638,#1639,#1640,#1641,#1642,#1643,
#1644,#1645,#1646,#1647,#1648,#1649,#1650,#1651,#1652,#1653,#1654,#1655,
#1656,#1657,#1658,#1659,#1660,#1661,#1662,#1663));
#1666=DERIVED_UNIT_ELEMENT(#1670,1.);
#1667=DERIVED_UNIT_ELEMENT(#2658,-3.);
#1668=DERIVED_UNIT_ELEMENT(#1670,1.);
#1669=DERIVED_UNIT_ELEMENT(#2658,-3.);
#1670=(
MASS_UNIT()
NAMED_UNIT(*)
SI_UNIT(.KILO.,.GRAM.)
);
#1671=DERIVED_UNIT((#1666,#1667));
#1672=DERIVED_UNIT((#1668,#1669));
#1673=MEASURE_REPRESENTATION_ITEM('density measure',
POSITIVE_RATIO_MEASURE(7850.),#1671);
#1674=MEASURE_REPRESENTATION_ITEM('density measure',
POSITIVE_RATIO_MEASURE(7850.),#1672);
#1675=PROPERTY_DEFINITION_REPRESENTATION(#1685,#1679);
#1676=PROPERTY_DEFINITION_REPRESENTATION(#1686,#1680);
#1677=PROPERTY_DEFINITION_REPRESENTATION(#1687,#1681);
#1678=PROPERTY_DEFINITION_REPRESENTATION(#1688,#1682);
#1679=REPRESENTATION('material name',(#1683),#2654);
#1680=REPRESENTATION('density',(#1673),#2654);
#1681=REPRESENTATION('material name',(#1684),#2655);
#1682=REPRESENTATION('density',(#1674),#2655);
#1683=DESCRIPTIVE_REPRESENTATION_ITEM('Steel','Steel');
#1684=DESCRIPTIVE_REPRESENTATION_ITEM('Steel','Steel');
#1685=PROPERTY_DEFINITION('material property','material name',#2674);
#1686=PROPERTY_DEFINITION('material property','density of part',#2674);
#1687=PROPERTY_DEFINITION('material property','material name',#2675);
#1688=PROPERTY_DEFINITION('material property','density of part',#2675);
#1689=AXIS2_PLACEMENT_3D('',#2178,#1775,#1776);
#1690=AXIS2_PLACEMENT_3D('',#2179,#1777,#1778);
#1691=AXIS2_PLACEMENT_3D('',#2180,#1779,#1780);
#1692=AXIS2_PLACEMENT_3D('',#2189,#1785,#1786);
#1693=AXIS2_PLACEMENT_3D('',#2195,#1790,#1791);
#1694=AXIS2_PLACEMENT_3D('',#2201,#1795,#1796);
#1695=AXIS2_PLACEMENT_3D('',#2207,#1800,#1801);
#1696=AXIS2_PLACEMENT_3D('',#2213,#1805,#1806);
#1697=AXIS2_PLACEMENT_3D('',#2219,#1810,#1811);
#1698=AXIS2_PLACEMENT_3D('',#2225,#1815,#1816);
#1699=AXIS2_PLACEMENT_3D('',#2231,#1820,#1821);
#1700=AXIS2_PLACEMENT_3D('',#2237,#1825,#1826);
#1701=AXIS2_PLACEMENT_3D('',#2243,#1830,#1831);
#1702=AXIS2_PLACEMENT_3D('',#2249,#1835,#1836);
#1703=AXIS2_PLACEMENT_3D('',#2255,#1840,#1841);
#1704=AXIS2_PLACEMENT_3D('',#2261,#1845,#1846);
#1705=AXIS2_PLACEMENT_3D('',#2267,#1850,#1851);
#1706=AXIS2_PLACEMENT_3D('',#2273,#1855,#1856);
#1707=AXIS2_PLACEMENT_3D('',#2279,#1860,#1861);
#1708=AXIS2_PLACEMENT_3D('',#2285,#1865,#1866);
#1709=AXIS2_PLACEMENT_3D('',#2291,#1870,#1871);
#1710=AXIS2_PLACEMENT_3D('',#2297,#1875,#1876);
#1711=AXIS2_PLACEMENT_3D('',#2303,#1880,#1881);
#1712=AXIS2_PLACEMENT_3D('',#2309,#1885,#1886);
#1713=AXIS2_PLACEMENT_3D('',#2315,#1890,#1891);
#1714=AXIS2_PLACEMENT_3D('',#2321,#1895,#1896);
#1715=AXIS2_PLACEMENT_3D('',#2327,#1900,#1901);
#1716=AXIS2_PLACEMENT_3D('',#2333,#1905,#1906);
#1717=AXIS2_PLACEMENT_3D('',#2339,#1910,#1911);
#1718=AXIS2_PLACEMENT_3D('',#2342,#1914,#1915);
#1719=AXIS2_PLACEMENT_3D('',#2343,#1916,#1917);
#1720=AXIS2_PLACEMENT_3D('',#2344,#1918,#1919);
#1721=AXIS2_PLACEMENT_3D('',#2345,#1920,#1921);
#1722=AXIS2_PLACEMENT_3D('',#2446,#1972,#1973);
#1723=AXIS2_PLACEMENT_3D('',#2452,#1977,#1978);
#1724=AXIS2_PLACEMENT_3D('',#2456,#1981,#1982);
#1725=AXIS2_PLACEMENT_3D('',#2460,#1985,#1986);
#1726=AXIS2_PLACEMENT_3D('',#2464,#1989,#1990);
#1727=AXIS2_PLACEMENT_3D('',#2468,#1993,#1994);
#1728=AXIS2_PLACEMENT_3D('',#2472,#1997,#1998);
#1729=AXIS2_PLACEMENT_3D('',#2476,#2001,#2002);
#1730=AXIS2_PLACEMENT_3D('',#2480,#2005,#2006);
#1731=AXIS2_PLACEMENT_3D('',#2484,#2009,#2010);
#1732=AXIS2_PLACEMENT_3D('',#2488,#2013,#2014);
#1733=AXIS2_PLACEMENT_3D('',#2492,#2017,#2018);
#1734=AXIS2_PLACEMENT_3D('',#2496,#2021,#2022);
#1735=AXIS2_PLACEMENT_3D('',#2500,#2025,#2026);
#1736=AXIS2_PLACEMENT_3D('',#2504,#2029,#2030);
#1737=AXIS2_PLACEMENT_3D('',#2508,#2033,#2034);
#1738=AXIS2_PLACEMENT_3D('',#2512,#2037,#2038);
#1739=AXIS2_PLACEMENT_3D('',#2516,#2041,#2042);
#1740=AXIS2_PLACEMENT_3D('',#2520,#2045,#2046);
#1741=AXIS2_PLACEMENT_3D('',#2524,#2049,#2050);
#1742=AXIS2_PLACEMENT_3D('',#2528,#2053,#2054);
#1743=AXIS2_PLACEMENT_3D('',#2532,#2057,#2058);
#1744=AXIS2_PLACEMENT_3D('',#2536,#2061,#2062);
#1745=AXIS2_PLACEMENT_3D('',#2540,#2065,#2066);
#1746=AXIS2_PLACEMENT_3D('',#2544,#2069,#2070);
#1747=AXIS2_PLACEMENT_3D('',#2548,#2073,#2074);
#1748=AXIS2_PLACEMENT_3D('',#2552,#2077,#2078);
#1749=AXIS2_PLACEMENT_3D('',#2554,#2080,#2081);
#1750=AXIS2_PLACEMENT_3D('',#2560,#2085,#2086);
#1751=AXIS2_PLACEMENT_3D('',#2564,#2089,#2090);
#1752=AXIS2_PLACEMENT_3D('',#2568,#2093,#2094);
#1753=AXIS2_PLACEMENT_3D('',#2572,#2097,#2098);
#1754=AXIS2_PLACEMENT_3D('',#2576,#2101,#2102);
#1755=AXIS2_PLACEMENT_3D('',#2580,#2105,#2106);
#1756=AXIS2_PLACEMENT_3D('',#2584,#2109,#2110);
#1757=AXIS2_PLACEMENT_3D('',#2588,#2113,#2114);
#1758=AXIS2_PLACEMENT_3D('',#2592,#2117,#2118);
#1759=AXIS2_PLACEMENT_3D('',#2596,#2121,#2122);
#1760=AXIS2_PLACEMENT_3D('',#2600,#2125,#2126);
#1761=AXIS2_PLACEMENT_3D('',#2604,#2129,#2130);
#1762=AXIS2_PLACEMENT_3D('',#2608,#2133,#2134);
#1763=AXIS2_PLACEMENT_3D('',#2612,#2137,#2138);
#1764=AXIS2_PLACEMENT_3D('',#2616,#2141,#2142);
#1765=AXIS2_PLACEMENT_3D('',#2620,#2145,#2146);
#1766=AXIS2_PLACEMENT_3D('',#2624,#2149,#2150);
#1767=AXIS2_PLACEMENT_3D('',#2628,#2153,#2154);
#1768=AXIS2_PLACEMENT_3D('',#2632,#2157,#2158);
#1769=AXIS2_PLACEMENT_3D('',#2636,#2161,#2162);
#1770=AXIS2_PLACEMENT_3D('',#2640,#2165,#2166);
#1771=AXIS2_PLACEMENT_3D('',#2644,#2169,#2170);
#1772=AXIS2_PLACEMENT_3D('',#2646,#2172,#2173);
#1773=AXIS2_PLACEMENT_3D('',#2647,#2174,#2175);
#1774=AXIS2_PLACEMENT_3D('',#2648,#2176,#2177);
#1775=DIRECTION('axis',(0.,0.,1.));
#1776=DIRECTION('refdir',(1.,0.,0.));
#1777=DIRECTION('axis',(0.,0.,1.));
#1778=DIRECTION('refdir',(1.,0.,0.));
#1779=DIRECTION('center_axis',(0.874157276121538,0.485642931178632,0.));
#1780=DIRECTION('ref_axis',(0.485642931178632,-0.874157276121538,0.));
#1781=DIRECTION('',(-0.485642931178632,0.874157276121538,0.));
#1782=DIRECTION('',(0.,0.,-1.));
#1783=DIRECTION('',(0.485642931178632,-0.874157276121538,0.));
#1784=DIRECTION('',(0.,0.,-1.));
#1785=DIRECTION('center_axis',(-0.124034734589208,0.992277876713668,0.));
#1786=DIRECTION('ref_axis',(0.992277876713668,0.124034734589208,0.));
#1787=DIRECTION('',(-0.992277876713668,-0.124034734589208,0.));
#1788=DIRECTION('',(0.992277876713668,0.124034734589208,0.));
#1789=DIRECTION('',(0.,0.,-1.));
#1790=DIRECTION('center_axis',(-0.992277876713668,-0.124034734589208,0.));
#1791=DIRECTION('ref_axis',(-0.124034734589208,0.992277876713668,0.));
#1792=DIRECTION('',(0.124034734589208,-0.992277876713668,0.));
#1793=DIRECTION('',(-0.124034734589208,0.992277876713668,0.));
#1794=DIRECTION('',(0.,0.,-1.));
#1795=DIRECTION('center_axis',(-0.982420476813742,0.186681565070201,0.));
#1796=DIRECTION('ref_axis',(0.186681565070201,0.982420476813742,0.));
#1797=DIRECTION('',(-0.186681565070201,-0.982420476813742,0.));
#1798=DIRECTION('',(0.186681565070201,0.982420476813742,0.));
#1799=DIRECTION('',(0.,0.,-1.));
#1800=DIRECTION('center_axis',(-0.913811548620257,0.406138466053448,0.));
#1801=DIRECTION('ref_axis',(0.406138466053448,0.913811548620257,0.));
#1802=DIRECTION('',(-0.406138466053448,-0.913811548620257,0.));
#1803=DIRECTION('',(0.406138466053448,0.913811548620257,0.));
#1804=DIRECTION('',(0.,0.,-1.));
#1805=DIRECTION('center_axis',(-0.987635311992365,-0.156768907968842,0.));
#1806=DIRECTION('ref_axis',(-0.156768907968842,0.987635311992365,0.));
#1807=DIRECTION('',(0.156768907968842,-0.987635311992365,0.));
#1808=DIRECTION('',(-0.156768907968842,0.987635311992365,0.));
#1809=DIRECTION('',(0.,0.,-1.));
#1810=DIRECTION('center_axis',(-0.767021254161067,-0.641621692015774,0.));
#1811=DIRECTION('ref_axis',(-0.641621692015774,0.767021254161067,0.));
#1812=DIRECTION('',(0.641621692015774,-0.767021254161067,0.));
#1813=DIRECTION('',(-0.641621692015774,0.767021254161067,0.));
#1814=DIRECTION('',(0.,0.,-1.));
#1815=DIRECTION('center_axis',(-0.508729312126641,-0.860926528214316,0.));
#1816=DIRECTION('ref_axis',(-0.860926528214316,0.508729312126641,0.));
#1817=DIRECTION('',(0.860926528214316,-0.508729312126641,0.));
#1818=DIRECTION('',(-0.860926528214316,0.508729312126641,0.));
#1819=DIRECTION('',(0.,0.,-1.));
#1820=DIRECTION('center_axis',(-0.242535625036333,-0.970142500145332,0.));
#1821=DIRECTION('ref_axis',(-0.970142500145332,0.242535625036333,0.));
#1822=DIRECTION('',(0.970142500145332,-0.242535625036333,0.));
#1823=DIRECTION('',(-0.970142500145332,0.242535625036333,0.));
#1824=DIRECTION('',(0.,0.,-1.));
#1825=DIRECTION('center_axis',(0.,-1.,0.));
#1826=DIRECTION('ref_axis',(-1.,0.,0.));
#1827=DIRECTION('',(1.,0.,0.));
#1828=DIRECTION('',(-1.,0.,0.));
#1829=DIRECTION('',(0.,0.,-1.));
#1830=DIRECTION('center_axis',(0.8,-0.6,0.));
#1831=DIRECTION('ref_axis',(-0.6,-0.8,0.));
#1832=DIRECTION('',(0.6,0.8,0.));
#1833=DIRECTION('',(-0.6,-0.8,0.));
#1834=DIRECTION('',(0.,0.,-1.));
#1835=DIRECTION('center_axis',(0.984271206993884,0.176664062793774,0.));
#1836=DIRECTION('ref_axis',(0.176664062793774,-0.984271206993884,0.));
#1837=DIRECTION('',(-0.176664062793774,0.984271206993884,0.));
#1838=DIRECTION('',(0.176664062793774,-0.984271206993884,0.));
#1839=DIRECTION('',(0.,0.,-1.));
#1840=DIRECTION('center_axis',(0.99905615835506,-0.0434372242763069,0.));
#1841=DIRECTION('ref_axis',(-0.0434372242763069,-0.99905615835506,0.));
#1842=DIRECTION('',(0.0434372242763069,0.99905615835506,0.));
#1843=DIRECTION('',(-0.0434372242763069,-0.99905615835506,0.));
#1844=DIRECTION('',(0.,0.,-1.));
#1845=DIRECTION('center_axis',(0.447213595499958,0.894427190999916,0.));
#1846=DIRECTION('ref_axis',(0.894427190999916,-0.447213595499958,0.));
#1847=DIRECTION('',(-0.894427190999916,0.447213595499958,0.));
#1848=DIRECTION('',(0.894427190999916,-0.447213595499958,0.));
#1849=DIRECTION('',(0.,0.,-1.));
#1850=DIRECTION('center_axis',(-0.768221279597376,0.64018439966448,0.));
#1851=DIRECTION('ref_axis',(0.64018439966448,0.768221279597376,0.));
#1852=DIRECTION('',(-0.64018439966448,-0.768221279597376,0.));
#1853=DIRECTION('',(0.64018439966448,0.768221279597376,0.));
#1854=DIRECTION('',(0.,0.,-1.));
#1855=DIRECTION('center_axis',(0.997785157856609,0.0665190105237739,0.));
#1856=DIRECTION('ref_axis',(0.0665190105237739,-0.997785157856609,0.));
#1857=DIRECTION('',(-0.0665190105237739,0.997785157856609,0.));
#1858=DIRECTION('',(0.0665190105237739,-0.997785157856609,0.));
#1859=DIRECTION('',(0.,0.,-1.));
#1860=DIRECTION('center_axis',(0.043437224276307,0.99905615835506,0.));
#1861=DIRECTION('ref_axis',(0.99905615835506,-0.043437224276307,0.));
#1862=DIRECTION('',(-0.99905615835506,0.043437224276307,0.));
#1863=DIRECTION('',(0.99905615835506,-0.043437224276307,0.));
#1864=DIRECTION('',(0.,0.,-1.));
#1865=DIRECTION('center_axis',(-0.956534051424298,0.291620658503162,0.));
#1866=DIRECTION('ref_axis',(0.291620658503162,0.956534051424298,0.));
#1867=DIRECTION('',(-0.291620658503162,-0.956534051424298,0.));
#1868=DIRECTION('',(0.291620658503162,0.956534051424298,0.));
#1869=DIRECTION('',(0.,0.,-1.));
#1870=DIRECTION('center_axis',(0.948837122026323,0.315765919416274,0.));
#1871=DIRECTION('ref_axis',(0.315765919416274,-0.948837122026323,0.));
#1872=DIRECTION('',(-0.315765919416274,0.948837122026323,0.));
#1873=DIRECTION('',(0.315765919416274,-0.948837122026323,0.));
#1874=DIRECTION('',(0.,0.,-1.));
#1875=DIRECTION('center_axis',(0.043437224276307,0.99905615835506,0.));
#1876=DIRECTION('ref_axis',(0.99905615835506,-0.043437224276307,0.));
#1877=DIRECTION('',(-0.99905615835506,0.043437224276307,0.));
#1878=DIRECTION('',(0.99905615835506,-0.043437224276307,0.));
#1879=DIRECTION('',(0.,0.,-1.));
#1880=DIRECTION('center_axis',(-0.956534051424298,0.291620658503162,0.));
#1881=DIRECTION('ref_axis',(0.291620658503162,0.956534051424298,0.));
#1882=DIRECTION('',(-0.291620658503162,-0.956534051424298,0.));
#1883=DIRECTION('',(0.291620658503162,0.956534051424298,0.));
#1884=DIRECTION('',(0.,0.,-1.));
#1885=DIRECTION('center_axis',(0.911023338841353,0.412354793941278,0.));
#1886=DIRECTION('ref_axis',(0.412354793941278,-0.911023338841353,0.));
#1887=DIRECTION('',(-0.412354793941278,0.911023338841353,0.));
#1888=DIRECTION('',(0.412354793941278,-0.911023338841353,0.));
#1889=DIRECTION('',(0.,0.,-1.));
#1890=DIRECTION('center_axis',(-0.201001942369531,0.979590842731635,0.));
#1891=DIRECTION('ref_axis',(0.979590842731635,0.201001942369531,0.));
#1892=DIRECTION('',(-0.979590842731635,-0.201001942369531,0.));
#1893=DIRECTION('',(0.979590842731635,0.201001942369531,0.));
#1894=DIRECTION('',(0.,0.,-1.));
#1895=DIRECTION('center_axis',(-0.99905615835506,0.0434372242763073,0.));
#1896=DIRECTION('ref_axis',(0.0434372242763073,0.99905615835506,0.));
#1897=DIRECTION('',(-0.0434372242763073,-0.99905615835506,0.));
#1898=DIRECTION('',(0.0434372242763073,0.99905615835506,0.));
#1899=DIRECTION('',(0.,0.,-1.));
#1900=DIRECTION('center_axis',(0.722239984601747,0.691642541087857,0.));
#1901=DIRECTION('ref_axis',(0.691642541087857,-0.722239984601747,0.));
#1902=DIRECTION('',(-0.691642541087857,0.722239984601747,0.));
#1903=DIRECTION('',(0.691642541087857,-0.722239984601747,0.));
#1904=DIRECTION('',(0.,0.,-1.));
#1905=DIRECTION('center_axis',(0.0434372242763074,0.99905615835506,0.));
#1906=DIRECTION('ref_axis',(0.99905615835506,-0.0434372242763074,0.));
#1907=DIRECTION('',(-0.99905615835506,0.0434372242763074,0.));
#1908=DIRECTION('',(0.99905615835506,-0.0434372242763074,0.));
#1909=DIRECTION('',(0.,0.,-1.));
#1910=DIRECTION('center_axis',(-0.988446810633367,0.151568144900981,0.));
#1911=DIRECTION('ref_axis',(0.151568144900981,0.988446810633367,0.));
#1912=DIRECTION('',(-0.151568144900981,-0.988446810633367,0.));
#1913=DIRECTION('',(0.151568144900981,0.988446810633367,0.));
#1914=DIRECTION('center_axis',(0.,0.,1.));
#1915=DIRECTION('ref_axis',(1.,0.,0.));
#1916=DIRECTION('center_axis',(0.,0.,-1.));
#1917=DIRECTION('ref_axis',(-1.,0.,0.));
#1918=DIRECTION('axis',(0.,0.,1.));
#1919=DIRECTION('refdir',(1.,0.,0.));
#1920=DIRECTION('center_axis',(0.,0.,1.));
#1921=DIRECTION('ref_axis',(1.,0.,0.));
#1922=DIRECTION('',(-0.151568144900982,-0.988446810633367,0.));
#1923=DIRECTION('',(-0.485642931178633,0.874157276121537,0.));
#1924=DIRECTION('',(-0.992277876713668,-0.124034734589208,0.));
#1925=DIRECTION('',(0.124034734589208,-0.992277876713668,0.));
#1926=DIRECTION('',(-0.186681565070201,-0.982420476813742,0.));
#1927=DIRECTION('',(-0.406138466053448,-0.913811548620257,0.));
#1928=DIRECTION('',(0.156768907968842,-0.987635311992365,0.));
#1929=DIRECTION('',(0.641621692015774,-0.767021254161066,0.));
#1930=DIRECTION('',(0.860926528214315,-0.508729312126641,0.));
#1931=DIRECTION('',(0.970142500145332,-0.242535625036332,0.));
#1932=DIRECTION('',(1.,0.,0.));
#1933=DIRECTION('',(0.6,0.8,0.));
#1934=DIRECTION('',(-0.176664062793774,0.984271206993884,0.));
#1935=DIRECTION('',(0.0434372242763071,0.99905615835506,0.));
#1936=DIRECTION('',(-0.894427190999916,0.447213595499958,0.));
#1937=DIRECTION('',(-0.640184399664479,-0.768221279597376,0.));
#1938=DIRECTION('',(-0.0665190105237739,0.997785157856609,0.));
#1939=DIRECTION('',(-0.99905615835506,0.0434372242763069,0.));
#1940=DIRECTION('',(-0.291620658503172,-0.956534051424295,0.));
#1941=DIRECTION('',(-0.412354793941276,0.911023338841354,0.));
#1942=DIRECTION('',(-0.979590842731635,-0.201001942369531,0.));
#1943=DIRECTION('',(-0.0434372242763071,-0.99905615835506,0.));
#1944=DIRECTION('',(-0.999056158355059,0.0434372242763076,0.));
#1945=DIRECTION('',(0.151568144900981,0.988446810633367,0.));
#1946=DIRECTION('',(0.99905615835506,-0.0434372242763074,0.));
#1947=DIRECTION('',(0.691642541087857,-0.722239984601747,0.));
#1948=DIRECTION('',(0.0434372242763073,0.99905615835506,0.));
#1949=DIRECTION('',(0.979590842731635,0.201001942369531,0.));
#1950=DIRECTION('',(0.412354793941278,-0.911023338841353,0.));
#1951=DIRECTION('',(0.291620658503162,0.956534051424298,0.));
#1952=DIRECTION('',(0.99905615835506,-0.043437224276307,0.));
#1953=DIRECTION('',(0.315765919416274,-0.948837122026323,0.));
#1954=DIRECTION('',(0.291620658503162,0.956534051424298,0.));
#1955=DIRECTION('',(0.99905615835506,-0.043437224276307,0.));
#1956=DIRECTION('',(0.0665190105237739,-0.997785157856609,0.));
#1957=DIRECTION('',(0.64018439966448,0.768221279597376,0.));
#1958=DIRECTION('',(0.894427190999916,-0.447213595499958,0.));
#1959=DIRECTION('',(-0.0434372242763069,-0.99905615835506,0.));
#1960=DIRECTION('',(0.176664062793774,-0.984271206993884,0.));
#1961=DIRECTION('',(-0.6,-0.8,0.));
#1962=DIRECTION('',(-1.,0.,0.));
#1963=DIRECTION('',(-0.970142500145332,0.242535625036333,0.));
#1964=DIRECTION('',(-0.860926528214316,0.508729312126641,0.));
#1965=DIRECTION('',(-0.641621692015774,0.767021254161067,0.));
#1966=DIRECTION('',(-0.156768907968842,0.987635311992365,0.));
#1967=DIRECTION('',(0.406138466053448,0.913811548620257,0.));
#1968=DIRECTION('',(0.186681565070201,0.982420476813742,0.));
#1969=DIRECTION('',(-0.124034734589208,0.992277876713668,0.));
#1970=DIRECTION('',(0.992277876713668,0.124034734589208,0.));
#1971=DIRECTION('',(0.485642931178632,-0.874157276121538,0.));
#1972=DIRECTION('center_axis',(-0.0434372242763074,-0.99905615835506,0.));
#1973=DIRECTION('ref_axis',(-0.99905615835506,0.0434372242763074,0.));
#1974=DIRECTION('',(0.,0.,1.));
#1975=DIRECTION('',(-0.99905615835506,0.0434372242763074,0.));
#1976=DIRECTION('',(0.,0.,1.));
#1977=DIRECTION('center_axis',(-0.722239984601747,-0.691642541087857,0.));
#1978=DIRECTION('ref_axis',(-0.691642541087857,0.722239984601747,0.));
#1979=DIRECTION('',(-0.691642541087857,0.722239984601747,0.));
#1980=DIRECTION('',(0.,0.,1.));
#1981=DIRECTION('center_axis',(0.99905615835506,-0.0434372242763073,0.));
#1982=DIRECTION('ref_axis',(-0.0434372242763073,-0.99905615835506,0.));
#1983=DIRECTION('',(-0.0434372242763073,-0.99905615835506,0.));
#1984=DIRECTION('',(0.,0.,1.));
#1985=DIRECTION('center_axis',(0.201001942369531,-0.979590842731635,0.));
#1986=DIRECTION('ref_axis',(-0.979590842731635,-0.201001942369531,0.));
#1987=DIRECTION('',(-0.979590842731635,-0.201001942369531,0.));
#1988=DIRECTION('',(0.,0.,1.));
#1989=DIRECTION('center_axis',(-0.911023338841353,-0.412354793941278,0.));
#1990=DIRECTION('ref_axis',(-0.412354793941278,0.911023338841353,0.));
#1991=DIRECTION('',(-0.412354793941278,0.911023338841353,0.));
#1992=DIRECTION('',(0.,0.,1.));
#1993=DIRECTION('center_axis',(0.956534051424298,-0.291620658503162,0.));
#1994=DIRECTION('ref_axis',(-0.291620658503162,-0.956534051424298,0.));
#1995=DIRECTION('',(-0.291620658503162,-0.956534051424298,0.));
#1996=DIRECTION('',(0.,0.,1.));
#1997=DIRECTION('center_axis',(-0.043437224276307,-0.99905615835506,0.));
#1998=DIRECTION('ref_axis',(-0.99905615835506,0.043437224276307,0.));
#1999=DIRECTION('',(-0.99905615835506,0.043437224276307,0.));
#2000=DIRECTION('',(0.,0.,1.));
#2001=DIRECTION('center_axis',(-0.948837122026323,-0.315765919416274,0.));
#2002=DIRECTION('ref_axis',(-0.315765919416274,0.948837122026323,0.));
#2003=DIRECTION('',(-0.315765919416274,0.948837122026323,0.));
#2004=DIRECTION('',(0.,0.,1.));
#2005=DIRECTION('center_axis',(0.956534051424298,-0.291620658503162,0.));
#2006=DIRECTION('ref_axis',(-0.291620658503162,-0.956534051424298,0.));
#2007=DIRECTION('',(-0.291620658503162,-0.956534051424298,0.));
#2008=DIRECTION('',(0.,0.,1.));
#2009=DIRECTION('center_axis',(-0.043437224276307,-0.99905615835506,0.));
#2010=DIRECTION('ref_axis',(-0.99905615835506,0.043437224276307,0.));
#2011=DIRECTION('',(-0.99905615835506,0.043437224276307,0.));
#2012=DIRECTION('',(0.,0.,1.));
#2013=DIRECTION('center_axis',(-0.997785157856609,-0.0665190105237739,0.));
#2014=DIRECTION('ref_axis',(-0.0665190105237739,0.997785157856609,0.));
#2015=DIRECTION('',(-0.0665190105237739,0.997785157856609,0.));
#2016=DIRECTION('',(0.,0.,1.));
#2017=DIRECTION('center_axis',(0.768221279597376,-0.64018439966448,0.));
#2018=DIRECTION('ref_axis',(-0.64018439966448,-0.768221279597376,0.));
#2019=DIRECTION('',(-0.64018439966448,-0.768221279597376,0.));
#2020=DIRECTION('',(0.,0.,1.));
#2021=DIRECTION('center_axis',(-0.447213595499958,-0.894427190999916,0.));
#2022=DIRECTION('ref_axis',(-0.894427190999916,0.447213595499958,0.));
#2023=DIRECTION('',(-0.894427190999916,0.447213595499958,0.));
#2024=DIRECTION('',(0.,0.,1.));
#2025=DIRECTION('center_axis',(-0.99905615835506,0.0434372242763069,0.));
#2026=DIRECTION('ref_axis',(0.0434372242763069,0.99905615835506,0.));
#2027=DIRECTION('',(0.0434372242763069,0.99905615835506,0.));
#2028=DIRECTION('',(0.,0.,1.));
#2029=DIRECTION('center_axis',(-0.984271206993884,-0.176664062793774,0.));
#2030=DIRECTION('ref_axis',(-0.176664062793774,0.984271206993884,0.));
#2031=DIRECTION('',(-0.176664062793774,0.984271206993884,0.));
#2032=DIRECTION('',(0.,0.,1.));
#2033=DIRECTION('center_axis',(-0.8,0.6,0.));
#2034=DIRECTION('ref_axis',(0.6,0.8,0.));
#2035=DIRECTION('',(0.6,0.8,0.));
#2036=DIRECTION('',(0.,0.,1.));
#2037=DIRECTION('center_axis',(0.,1.,0.));
#2038=DIRECTION('ref_axis',(1.,0.,0.));
#2039=DIRECTION('',(1.,0.,0.));
#2040=DIRECTION('',(0.,0.,1.));
#2041=DIRECTION('center_axis',(0.242535625036333,0.970142500145332,0.));
#2042=DIRECTION('ref_axis',(0.970142500145332,-0.242535625036333,0.));
#2043=DIRECTION('',(0.970142500145332,-0.242535625036333,0.));
#2044=DIRECTION('',(0.,0.,1.));
#2045=DIRECTION('center_axis',(0.508729312126641,0.860926528214316,0.));
#2046=DIRECTION('ref_axis',(0.860926528214316,-0.508729312126641,0.));
#2047=DIRECTION('',(0.860926528214316,-0.508729312126641,0.));
#2048=DIRECTION('',(0.,0.,1.));
#2049=DIRECTION('center_axis',(0.767021254161067,0.641621692015774,0.));
#2050=DIRECTION('ref_axis',(0.641621692015774,-0.767021254161067,0.));
#2051=DIRECTION('',(0.641621692015774,-0.767021254161067,0.));
#2052=DIRECTION('',(0.,0.,1.));
#2053=DIRECTION('center_axis',(0.987635311992365,0.156768907968842,0.));
#2054=DIRECTION('ref_axis',(0.156768907968842,-0.987635311992365,0.));
#2055=DIRECTION('',(0.156768907968842,-0.987635311992365,0.));
#2056=DIRECTION('',(0.,0.,1.));
#2057=DIRECTION('center_axis',(0.913811548620257,-0.406138466053448,0.));
#2058=DIRECTION('ref_axis',(-0.406138466053448,-0.913811548620257,0.));
#2059=DIRECTION('',(-0.406138466053448,-0.913811548620257,0.));
#2060=DIRECTION('',(0.,0.,1.));
#2061=DIRECTION('center_axis',(0.982420476813742,-0.186681565070201,0.));
#2062=DIRECTION('ref_axis',(-0.186681565070201,-0.982420476813742,0.));
#2063=DIRECTION('',(-0.186681565070201,-0.982420476813742,0.));
#2064=DIRECTION('',(0.,0.,1.));
#2065=DIRECTION('center_axis',(0.992277876713668,0.124034734589208,0.));
#2066=DIRECTION('ref_axis',(0.124034734589208,-0.992277876713668,0.));
#2067=DIRECTION('',(0.124034734589208,-0.992277876713668,0.));
#2068=DIRECTION('',(0.,0.,1.));
#2069=DIRECTION('center_axis',(0.124034734589208,-0.992277876713668,0.));
#2070=DIRECTION('ref_axis',(-0.992277876713668,-0.124034734589208,0.));
#2071=DIRECTION('',(-0.992277876713668,-0.124034734589208,0.));
#2072=DIRECTION('',(0.,0.,1.));
#2073=DIRECTION('center_axis',(-0.874157276121538,-0.485642931178632,0.));
#2074=DIRECTION('ref_axis',(-0.485642931178632,0.874157276121538,0.));
#2075=DIRECTION('',(-0.485642931178632,0.874157276121538,0.));
#2076=DIRECTION('',(0.,0.,-1.));
#2077=DIRECTION('center_axis',(0.988446810633367,-0.151568144900981,0.));
#2078=DIRECTION('ref_axis',(-0.151568144900981,-0.988446810633367,0.));
#2079=DIRECTION('',(-0.151568144900981,-0.988446810633367,0.));
#2080=DIRECTION('center_axis',(0.874157276121537,0.485642931178633,0.));
#2081=DIRECTION('ref_axis',(0.485642931178633,-0.874157276121537,0.));
#2082=DIRECTION('',(0.,0.,1.));
#2083=DIRECTION('',(0.485642931178633,-0.874157276121537,0.));
#2084=DIRECTION('',(0.,0.,1.));
#2085=DIRECTION('center_axis',(-0.124034734589208,0.992277876713668,0.));
#2086=DIRECTION('ref_axis',(0.992277876713668,0.124034734589208,0.));
#2087=DIRECTION('',(0.992277876713668,0.124034734589208,0.));
#2088=DIRECTION('',(0.,0.,1.));
#2089=DIRECTION('center_axis',(-0.992277876713668,-0.124034734589208,0.));
#2090=DIRECTION('ref_axis',(-0.124034734589208,0.992277876713668,0.));
#2091=DIRECTION('',(-0.124034734589208,0.992277876713668,0.));
#2092=DIRECTION('',(0.,0.,1.));
#2093=DIRECTION('center_axis',(-0.982420476813742,0.186681565070201,0.));
#2094=DIRECTION('ref_axis',(0.186681565070201,0.982420476813742,0.));
#2095=DIRECTION('',(0.186681565070201,0.982420476813742,0.));
#2096=DIRECTION('',(0.,0.,1.));
#2097=DIRECTION('center_axis',(-0.913811548620257,0.406138466053447,0.));
#2098=DIRECTION('ref_axis',(0.406138466053448,0.913811548620257,0.));
#2099=DIRECTION('',(0.406138466053448,0.913811548620257,0.));
#2100=DIRECTION('',(0.,0.,1.));
#2101=DIRECTION('center_axis',(-0.987635311992365,-0.156768907968842,0.));
#2102=DIRECTION('ref_axis',(-0.156768907968842,0.987635311992365,0.));
#2103=DIRECTION('',(-0.156768907968842,0.987635311992365,0.));
#2104=DIRECTION('',(0.,0.,1.));
#2105=DIRECTION('center_axis',(-0.767021254161067,-0.641621692015774,0.));
#2106=DIRECTION('ref_axis',(-0.641621692015774,0.767021254161067,0.));
#2107=DIRECTION('',(-0.641621692015774,0.767021254161066,0.));
#2108=DIRECTION('',(0.,0.,1.));
#2109=DIRECTION('center_axis',(-0.508729312126641,-0.860926528214315,0.));
#2110=DIRECTION('ref_axis',(-0.860926528214315,0.508729312126641,0.));
#2111=DIRECTION('',(-0.860926528214315,0.508729312126641,0.));
#2112=DIRECTION('',(0.,0.,1.));
#2113=DIRECTION('center_axis',(-0.242535625036332,-0.970142500145332,0.));
#2114=DIRECTION('ref_axis',(-0.970142500145332,0.242535625036332,0.));
#2115=DIRECTION('',(-0.970142500145332,0.242535625036332,0.));
#2116=DIRECTION('',(0.,0.,1.));
#2117=DIRECTION('center_axis',(0.,-1.,0.));
#2118=DIRECTION('ref_axis',(-1.,0.,0.));
#2119=DIRECTION('',(-1.,0.,0.));
#2120=DIRECTION('',(0.,0.,1.));
#2121=DIRECTION('center_axis',(0.8,-0.6,0.));
#2122=DIRECTION('ref_axis',(-0.6,-0.8,0.));
#2123=DIRECTION('',(-0.6,-0.8,0.));
#2124=DIRECTION('',(0.,0.,1.));
#2125=DIRECTION('center_axis',(0.984271206993884,0.176664062793774,0.));
#2126=DIRECTION('ref_axis',(0.176664062793774,-0.984271206993884,0.));
#2127=DIRECTION('',(0.176664062793774,-0.984271206993884,0.));
#2128=DIRECTION('',(0.,0.,1.));
#2129=DIRECTION('center_axis',(0.99905615835506,-0.0434372242763071,0.));
#2130=DIRECTION('ref_axis',(-0.0434372242763071,-0.99905615835506,0.));
#2131=DIRECTION('',(-0.0434372242763071,-0.99905615835506,0.));
#2132=DIRECTION('',(0.,0.,1.));
#2133=DIRECTION('center_axis',(0.447213595499958,0.894427190999916,0.));
#2134=DIRECTION('ref_axis',(0.894427190999916,-0.447213595499958,0.));
#2135=DIRECTION('',(0.894427190999916,-0.447213595499958,0.));
#2136=DIRECTION('',(0.,0.,1.));
#2137=DIRECTION('center_axis',(-0.768221279597376,0.640184399664479,0.));
#2138=DIRECTION('ref_axis',(0.640184399664479,0.768221279597376,0.));
#2139=DIRECTION('',(0.640184399664479,0.768221279597376,0.));
#2140=DIRECTION('',(0.,0.,1.));
#2141=DIRECTION('center_axis',(0.997785157856609,0.0665190105237739,0.));
#2142=DIRECTION('ref_axis',(0.0665190105237739,-0.997785157856609,0.));
#2143=DIRECTION('',(0.0665190105237739,-0.997785157856609,0.));
#2144=DIRECTION('',(0.,0.,1.));
#2145=DIRECTION('center_axis',(0.0434372242763069,0.99905615835506,0.));
#2146=DIRECTION('ref_axis',(0.99905615835506,-0.0434372242763069,0.));
#2147=DIRECTION('',(0.99905615835506,-0.0434372242763069,0.));
#2148=DIRECTION('',(0.,0.,1.));
#2149=DIRECTION('center_axis',(-0.956534051424295,0.291620658503173,0.));
#2150=DIRECTION('ref_axis',(0.291620658503173,0.956534051424295,0.));
#2151=DIRECTION('',(0.291620658503172,0.956534051424295,0.));
#2152=DIRECTION('',(0.,0.,1.));
#2153=DIRECTION('center_axis',(0.911023338841354,0.412354793941276,0.));
#2154=DIRECTION('ref_axis',(0.412354793941276,-0.911023338841354,0.));
#2155=DIRECTION('',(0.412354793941276,-0.911023338841354,0.));
#2156=DIRECTION('',(0.,0.,1.));
#2157=DIRECTION('center_axis',(-0.201001942369531,0.979590842731635,0.));
#2158=DIRECTION('ref_axis',(0.979590842731635,0.201001942369531,0.));
#2159=DIRECTION('',(0.979590842731635,0.201001942369531,0.));
#2160=DIRECTION('',(0.,0.,1.));
#2161=DIRECTION('center_axis',(-0.99905615835506,0.0434372242763071,0.));
#2162=DIRECTION('ref_axis',(0.0434372242763071,0.99905615835506,0.));
#2163=DIRECTION('',(0.0434372242763071,0.99905615835506,0.));
#2164=DIRECTION('',(0.,0.,1.));
#2165=DIRECTION('center_axis',(0.0434372242763076,0.99905615835506,0.));
#2166=DIRECTION('ref_axis',(0.99905615835506,-0.0434372242763076,0.));
#2167=DIRECTION('',(0.999056158355059,-0.0434372242763076,0.));
#2168=DIRECTION('',(0.,0.,-1.));
#2169=DIRECTION('center_axis',(-0.988446810633367,0.151568144900982,0.));
#2170=DIRECTION('ref_axis',(0.151568144900982,0.988446810633367,0.));
#2171=DIRECTION('',(0.151568144900982,0.988446810633367,0.));
#2172=DIRECTION('center_axis',(0.,0.,-1.));
#2173=DIRECTION('ref_axis',(-1.,0.,0.));
#2174=DIRECTION('',(0.,0.,1.));
#2175=DIRECTION('',(1.,0.,0.));
#2176=DIRECTION('',(0.,0.,1.));
#2177=DIRECTION('',(1.,0.,0.));
#2178=CARTESIAN_POINT('',(0.,0.,0.));
#2179=CARTESIAN_POINT('',(0.,0.,0.));
#2180=CARTESIAN_POINT('Origin',(25.000000372529,-13.0000001937151,-5.));
#2181=CARTESIAN_POINT('',(30.0000004470348,-22.0000003278255,-5.));
#2182=CARTESIAN_POINT('',(25.000000372529,-13.0000001937151,-5.));
#2183=CARTESIAN_POINT('',(30.0000004470348,-22.0000003278255,-5.));
#2184=CARTESIAN_POINT('',(30.0000004470348,-22.0000003278255,-15.));
#2185=CARTESIAN_POINT('',(30.0000004470348,-22.0000003278255,-5.));
#2186=CARTESIAN_POINT('',(25.000000372529,-13.0000001937151,-15.));
#2187=CARTESIAN_POINT('',(30.0000004470348,-22.0000003278255,-15.));
#2188=CARTESIAN_POINT('',(25.000000372529,-13.0000001937151,-5.));
#2189=CARTESIAN_POINT('Origin',(17.0000002533197,-14.0000002086163,-5.));
#2190=CARTESIAN_POINT('',(17.0000002533197,-14.0000002086163,-5.));
#2191=CARTESIAN_POINT('',(25.000000372529,-13.0000001937151,-5.));
#2192=CARTESIAN_POINT('',(17.0000002533197,-14.0000002086163,-15.));
#2193=CARTESIAN_POINT('',(25.000000372529,-13.0000001937151,-15.));
#2194=CARTESIAN_POINT('',(17.0000002533197,-14.0000002086163,-5.));
#2195=CARTESIAN_POINT('Origin',(18.5834065625478,-26.6672506824405,-5.));
#2196=CARTESIAN_POINT('',(18.5834065625478,-26.6672506824405,-5.));
#2197=CARTESIAN_POINT('',(17.0000002533197,-14.0000002086163,-5.));
#2198=CARTESIAN_POINT('',(18.5834065625478,-26.6672506824405,-15.));
#2199=CARTESIAN_POINT('',(17.0000002533197,-14.0000002086163,-15.));
#2200=CARTESIAN_POINT('',(18.5834065625478,-26.6672506824405,-5.));
#2201=CARTESIAN_POINT('Origin',(17.0000002533197,-35.0000005215406,-5.));
#2202=CARTESIAN_POINT('',(17.0000002533197,-35.0000005215406,-5.));
#2203=CARTESIAN_POINT('',(18.5834065625478,-26.6672506824405,-5.));
#2204=CARTESIAN_POINT('',(17.0000002533197,-35.0000005215406,-15.));
#2205=CARTESIAN_POINT('',(18.5834065625478,-26.6672506824405,-15.));
#2206=CARTESIAN_POINT('',(17.0000002533197,-35.0000005215406,-5.));
#2207=CARTESIAN_POINT('Origin',(13.0000001937151,-44.0000006556511,-5.));
#2208=CARTESIAN_POINT('',(13.0000001937151,-44.0000006556511,-5.));
#2209=CARTESIAN_POINT('',(17.0000002533197,-35.0000005215406,-5.));
#2210=CARTESIAN_POINT('',(13.0000001937151,-44.0000006556511,-15.));
#2211=CARTESIAN_POINT('',(17.0000002533197,-35.0000005215406,-15.));
#2212=CARTESIAN_POINT('',(13.0000001937151,-44.0000006556511,-5.));
#2213=CARTESIAN_POINT('Origin',(17.7917034079338,-74.1874616787913,-5.));
#2214=CARTESIAN_POINT('',(17.7917034079338,-74.1874616787913,-5.));
#2215=CARTESIAN_POINT('',(13.0000001937151,-44.0000006556511,-5.));
#2216=CARTESIAN_POINT('',(17.7917034079338,-74.1874616787913,-15.));
#2217=CARTESIAN_POINT('',(13.0000001937151,-44.0000006556511,-15.));
#2218=CARTESIAN_POINT('',(17.7917034079338,-74.1874616787913,-5.));
#2219=CARTESIAN_POINT('Origin',(26.0000003874302,-84.0000012516975,-5.));
#2220=CARTESIAN_POINT('',(26.0000003874302,-84.0000012516975,-5.));
#2221=CARTESIAN_POINT('',(17.7917034079338,-74.1874616787913,-5.));
#2222=CARTESIAN_POINT('',(26.0000003874302,-84.0000012516975,-15.));
#2223=CARTESIAN_POINT('',(17.7917034079338,-74.1874616787913,-15.));
#2224=CARTESIAN_POINT('',(26.0000003874302,-84.0000012516975,-5.));
#2225=CARTESIAN_POINT('Origin',(48.0000007152557,-97.0000014454126,-5.));
#2226=CARTESIAN_POINT('',(48.0000007152557,-97.0000014454126,-5.));
#2227=CARTESIAN_POINT('',(26.0000003874302,-84.0000012516975,-5.));
#2228=CARTESIAN_POINT('',(48.0000007152557,-97.0000014454126,-15.));
#2229=CARTESIAN_POINT('',(26.0000003874302,-84.0000012516975,-15.));
#2230=CARTESIAN_POINT('',(48.0000007152557,-97.0000014454126,-5.));
#2231=CARTESIAN_POINT('Origin',(52.0000007748604,-98.0000014603138,-5.));
#2232=CARTESIAN_POINT('',(52.0000007748604,-98.0000014603138,-5.));
#2233=CARTESIAN_POINT('',(48.0000007152557,-97.0000014454126,-5.));
#2234=CARTESIAN_POINT('',(52.0000007748604,-98.0000014603138,-15.));
#2235=CARTESIAN_POINT('',(48.0000007152557,-97.0000014454126,-15.));
#2236=CARTESIAN_POINT('',(52.0000007748604,-98.0000014603138,-5.));
#2237=CARTESIAN_POINT('Origin',(77.0000011473894,-98.0000014603138,-5.));
#2238=CARTESIAN_POINT('',(77.0000011473894,-98.0000014603138,-5.));
#2239=CARTESIAN_POINT('',(52.0000007748604,-98.0000014603138,-5.));
#2240=CARTESIAN_POINT('',(77.0000011473894,-98.0000014603138,-15.));
#2241=CARTESIAN_POINT('',(52.0000007748604,-98.0000014603138,-15.));
#2242=CARTESIAN_POINT('',(77.0000011473894,-98.0000014603138,-5.));
#2243=CARTESIAN_POINT('Origin',(86.0000012814999,-86.0000012814999,-5.));
#2244=CARTESIAN_POINT('',(86.0000012814999,-86.0000012814999,-5.));
#2245=CARTESIAN_POINT('',(77.0000011473894,-98.0000014603138,-5.));
#2246=CARTESIAN_POINT('',(86.0000012814999,-86.0000012814999,-15.));
#2247=CARTESIAN_POINT('',(77.0000011473894,-98.0000014603138,-15.));
#2248=CARTESIAN_POINT('',(86.0000012814999,-86.0000012814999,-5.));
#2249=CARTESIAN_POINT('Origin',(79.0000011771917,-47.0000007003546,-5.));
#2250=CARTESIAN_POINT('',(79.0000011771917,-47.0000007003546,-5.));
#2251=CARTESIAN_POINT('',(86.0000012814999,-86.0000012814999,-5.));
#2252=CARTESIAN_POINT('',(79.0000011771917,-47.0000007003546,-15.));
#2253=CARTESIAN_POINT('',(86.0000012814999,-86.0000012814999,-15.));
#2254=CARTESIAN_POINT('',(79.0000011771917,-47.0000007003546,-5.));
#2255=CARTESIAN_POINT('Origin',(80.0000011920929,-24.0000003576279,-5.));
#2256=CARTESIAN_POINT('',(80.0000011920929,-24.0000003576279,-5.));
#2257=CARTESIAN_POINT('',(79.0000011771917,-47.0000007003546,-5.));
#2258=CARTESIAN_POINT('',(80.0000011920929,-24.0000003576279,-15.));
#2259=CARTESIAN_POINT('',(79.0000011771917,-47.0000007003546,-15.));
#2260=CARTESIAN_POINT('',(80.0000011920929,-24.0000003576279,-5.));
#2261=CARTESIAN_POINT('Origin',(74.0000011026859,-21.0000003129244,-5.));
#2262=CARTESIAN_POINT('',(74.0000011026859,-21.0000003129244,-5.));
#2263=CARTESIAN_POINT('',(80.0000011920929,-24.0000003576279,-5.));
#2264=CARTESIAN_POINT('',(74.0000011026859,-21.0000003129244,-15.));
#2265=CARTESIAN_POINT('',(80.0000011920929,-24.0000003576279,-15.));
#2266=CARTESIAN_POINT('',(74.0000011026859,-21.0000003129244,-5.));
#2267=CARTESIAN_POINT('Origin',(69.0000010281801,-27.0000004023314,-5.));
#2268=CARTESIAN_POINT('',(69.0000010281801,-27.0000004023314,-5.));
#2269=CARTESIAN_POINT('',(74.0000011026859,-21.0000003129244,-5.));
#2270=CARTESIAN_POINT('',(69.0000010281801,-27.0000004023314,-15.));
#2271=CARTESIAN_POINT('',(74.0000011026859,-21.0000003129244,-15.));
#2272=CARTESIAN_POINT('',(69.0000010281801,-27.0000004023314,-5.));
#2273=CARTESIAN_POINT('Origin',(67.3855532257597,-2.78328336602498,-5.));
#2274=CARTESIAN_POINT('',(67.3855532257597,-2.78328336602498,-5.));
#2275=CARTESIAN_POINT('',(69.0000010281801,-27.0000004023314,-5.));
#2276=CARTESIAN_POINT('',(67.3855532257597,-2.78328336602498,-15.));
#2277=CARTESIAN_POINT('',(69.0000010281801,-27.0000004023314,-15.));
#2278=CARTESIAN_POINT('',(67.3855532257597,-2.78328336602498,-5.));
#2279=CARTESIAN_POINT('Origin',(61.4242670437833,-2.52409701028688,-5.));
#2280=CARTESIAN_POINT('',(61.4242670437833,-2.52409701028688,-5.));
#2281=CARTESIAN_POINT('',(67.3855532257597,-2.78328336602498,-5.));
#2282=CARTESIAN_POINT('',(61.4242670437833,-2.52409701028688,-15.));
#2283=CARTESIAN_POINT('',(67.3855532257597,-2.78328336602498,-15.));
#2284=CARTESIAN_POINT('',(61.4242670437833,-2.52409701028688,-5.));
#2285=CARTESIAN_POINT('Origin',(59.9402878726152,-7.39164177241946,-5.));
#2286=CARTESIAN_POINT('',(59.9402878726152,-7.39164177241946,-5.));
#2287=CARTESIAN_POINT('',(61.4242670437833,-2.52409701028688,-5.));
#2288=CARTESIAN_POINT('',(59.9402878726152,-7.39164177241946,-15.));
#2289=CARTESIAN_POINT('',(61.4242670437833,-2.52409701028688,-15.));
#2290=CARTESIAN_POINT('',(59.9402878726152,-7.39164177241946,-5.));
#2291=CARTESIAN_POINT('Origin',(58.2748353837473,-2.38716519898097,-5.));
#2292=CARTESIAN_POINT('',(58.2748353837473,-2.38716519898097,-5.));
#2293=CARTESIAN_POINT('',(59.9402878726152,-7.39164177241946,-5.));
#2294=CARTESIAN_POINT('',(58.2748353837473,-2.38716519898097,-15.));
#2295=CARTESIAN_POINT('',(59.9402878726152,-7.39164177241946,-15.));
#2296=CARTESIAN_POINT('',(58.2748353837473,-2.38716519898097,-5.));
#2297=CARTESIAN_POINT('Origin',(53.368605123005,-2.17385083981826,-5.));
#2298=CARTESIAN_POINT('',(53.368605123005,-2.17385083981826,-5.));
#2299=CARTESIAN_POINT('',(58.2748353837473,-2.38716519898097,-5.));
#2300=CARTESIAN_POINT('',(53.368605123005,-2.17385083981826,-15.));
#2301=CARTESIAN_POINT('',(58.2748353837473,-2.38716519898097,-15.));
#2302=CARTESIAN_POINT('',(53.368605123005,-2.17385083981826,-5.));
#2303=CARTESIAN_POINT('Origin',(51.0192643151651,-9.8798360489395,-5.));
#2304=CARTESIAN_POINT('',(51.0192643151651,-9.87983604893951,-5.));
#2305=CARTESIAN_POINT('',(53.368605123005,-2.17385083981826,-5.));
#2306=CARTESIAN_POINT('',(51.0192643151651,-9.87983604893951,-15.));
#2307=CARTESIAN_POINT('',(53.368605123005,-2.17385083981826,-15.));
#2308=CARTESIAN_POINT('',(51.0192643151651,-9.87983604893951,-5.));
#2309=CARTESIAN_POINT('Origin',(47.0000007003546,-1.00000001490116,-5.));
#2310=CARTESIAN_POINT('',(47.0000007003546,-1.00000001490116,-5.));
#2311=CARTESIAN_POINT('',(51.0192643151651,-9.87983604893951,-5.));
#2312=CARTESIAN_POINT('',(47.0000007003546,-1.00000001490116,-15.));
#2313=CARTESIAN_POINT('',(51.0192643151651,-9.87983604893951,-15.));
#2314=CARTESIAN_POINT('',(47.0000007003546,-1.00000001490116,-5.));
#2315=CARTESIAN_POINT('Origin',(40.7593947616063,-2.28050801939961,-5.));
#2316=CARTESIAN_POINT('',(40.7593947616063,-2.28050801939961,-5.));
#2317=CARTESIAN_POINT('',(47.0000007003546,-1.00000001490116,-5.));
#2318=CARTESIAN_POINT('',(40.7593947616063,-2.28050801939961,-15.));
#2319=CARTESIAN_POINT('',(47.0000007003546,-1.00000001490116,-15.));
#2320=CARTESIAN_POINT('',(40.7593947616063,-2.28050801939961,-5.));
#2321=CARTESIAN_POINT('Origin',(40.1918909364185,-15.3330959987175,-5.));
#2322=CARTESIAN_POINT('',(40.1918909364185,-15.3330959987175,-5.));
#2323=CARTESIAN_POINT('',(40.7593947616063,-2.28050801939961,-5.));
#2324=CARTESIAN_POINT('',(40.1918909364185,-15.3330959987175,-15.));
#2325=CARTESIAN_POINT('',(40.7593947616063,-2.28050801939961,-15.));
#2326=CARTESIAN_POINT('',(40.1918909364185,-15.3330959987175,-5.));
#2327=CARTESIAN_POINT('Origin',(37.000000551343,-12.0000001788139,-5.));
#2328=CARTESIAN_POINT('',(37.000000551343,-12.0000001788139,-5.));
#2329=CARTESIAN_POINT('',(40.1918909364185,-15.3330959987175,-5.));
#2330=CARTESIAN_POINT('',(37.000000551343,-12.0000001788139,-15.));
#2331=CARTESIAN_POINT('',(40.1918909364185,-15.3330959987175,-15.));
#2332=CARTESIAN_POINT('',(37.000000551343,-12.0000001788139,-5.));
#2333=CARTESIAN_POINT('Origin',(31.5696017096169,-11.7638958813476,-5.));
#2334=CARTESIAN_POINT('',(31.5696017096169,-11.7638958813476,-5.));
#2335=CARTESIAN_POINT('',(37.000000551343,-12.0000001788139,-5.));
#2336=CARTESIAN_POINT('',(31.5696017096169,-11.7638958813476,-15.));
#2337=CARTESIAN_POINT('',(37.000000551343,-12.0000001788139,-15.));
#2338=CARTESIAN_POINT('',(31.5696017096169,-11.7638958813476,-5.));
#2339=CARTESIAN_POINT('Origin',(30.0000004470348,-22.0000003278255,-5.));
#2340=CARTESIAN_POINT('',(31.5696017096169,-11.7638958813476,-5.));
#2341=CARTESIAN_POINT('',(31.5696017096169,-11.7638958813476,-15.));
#2342=CARTESIAN_POINT('Origin',(49.5000007376075,-49.5000007376075,-5.));
#2343=CARTESIAN_POINT('Origin',(49.5000007376075,-49.5000007376075,-15.));
#2344=CARTESIAN_POINT('',(0.,0.,0.));
#2345=CARTESIAN_POINT('Origin',(49.5542502424492,-49.2196581740202,15.));
#2346=CARTESIAN_POINT('',(28.1595219082755,-7.61185260886445,15.));
#2347=CARTESIAN_POINT('',(27.818382312743,-9.83658357331065,15.));
#2348=CARTESIAN_POINT('',(28.1595219082755,-7.61185260886445,15.));
#2349=CARTESIAN_POINT('',(27.1846108861084,-8.6957950053684,15.));
#2350=CARTESIAN_POINT('',(27.818382312743,-9.83658357331065,15.));
#2351=CARTESIAN_POINT('',(12.5347498081082,-10.5270276401184,15.));
#2352=CARTESIAN_POINT('',(27.1846108861084,-8.6957950053684,15.));
#2353=CARTESIAN_POINT('',(14.5362282184125,-26.5388549225521,15.));
#2354=CARTESIAN_POINT('',(12.5347498081082,-10.5270276401184,15.));
#2355=CARTESIAN_POINT('',(13.156739326602,-33.7984798048595,15.));
#2356=CARTESIAN_POINT('',(14.5362282184125,-26.5388549225521,15.));
#2357=CARTESIAN_POINT('',(8.86381847134468,-43.4575517291884,15.));
#2358=CARTESIAN_POINT('',(13.156739326602,-33.7984798048595,15.));
#2359=CARTESIAN_POINT('',(14.0144378720253,-75.9061645609891,15.));
#2360=CARTESIAN_POINT('',(8.86381847134468,-43.4575517291884,15.));
#2361=CARTESIAN_POINT('',(23.3731011128496,-87.0938998036929,15.));
#2362=CARTESIAN_POINT('',(14.0144378720253,-75.9061645609891,15.));
#2363=CARTESIAN_POINT('',(46.4657160552749,-100.739535906035,15.));
#2364=CARTESIAN_POINT('',(23.3731011128496,-87.0938998036929,15.));
#2365=CARTESIAN_POINT('',(51.5075782723898,-102.000001460314,15.));
#2366=CARTESIAN_POINT('',(46.4657160552749,-100.739535906035,15.));
#2367=CARTESIAN_POINT('',(79.0000011473894,-102.000001460314,15.));
#2368=CARTESIAN_POINT('',(51.5075782723898,-102.000001460314,15.));
#2369=CARTESIAN_POINT('',(90.2446820135538,-87.0070936387613,15.));
#2370=CARTESIAN_POINT('',(79.0000011473894,-102.000001460314,15.));
#2371=CARTESIAN_POINT('',(83.0155077287401,-46.7302654805136,15.));
#2372=CARTESIAN_POINT('',(90.2446820135538,-87.0070936387613,15.));
#2373=CARTESIAN_POINT('',(84.1088969972321,-21.5823123051979,15.));
#2374=CARTESIAN_POINT('',(83.0155077287401,-46.7302654805136,15.));
#2375=CARTESIAN_POINT('',(72.9552576993178,-16.0054926562408,15.));
#2376=CARTESIAN_POINT('',(84.1088969972321,-21.5823123051979,15.));
#2377=CARTESIAN_POINT('',(72.3262347178571,-16.7603202339937,15.));
#2378=CARTESIAN_POINT('',(72.9552576993178,-16.0054926562408,15.));
#2379=CARTESIAN_POINT('',(71.1383914564124,1.0573286876758,15.));
#2380=CARTESIAN_POINT('',(72.3262347178571,-16.7603202339937,15.));
#2381=CARTESIAN_POINT('',(50.4462188819625,1.95698836482579,15.));
#2382=CARTESIAN_POINT('',(71.1383914564124,1.0573286876758,15.));
#2383=CARTESIAN_POINT('',(50.2876582613396,1.43689958367001,15.));
#2384=CARTESIAN_POINT('',(50.4462188819625,1.9569883648258,15.));
#2385=CARTESIAN_POINT('',(49.3263731803926,3.5606851122735,15.));
#2386=CARTESIAN_POINT('',(50.2876582613396,1.43689958367001,15.));
#2387=CARTESIAN_POINT('',(36.898709947991,1.01065673321946,15.));
#2388=CARTESIAN_POINT('',(49.3263731803926,3.5606851122735,15.));
#2389=CARTESIAN_POINT('',(36.5080365462784,-7.97483150616893,15.));
#2390=CARTESIAN_POINT('',(36.898709947991,1.01065673321947,15.));
#2391=CARTESIAN_POINT('',(36.5080365462784,-7.97483150616893,15.));
#2392=CARTESIAN_POINT('',(30.0000004470348,-22.0000003278255,15.));
#2393=CARTESIAN_POINT('',(31.5696017096169,-11.7638958813476,15.));
#2394=CARTESIAN_POINT('',(31.5696017096169,-11.7638958813476,15.));
#2395=CARTESIAN_POINT('',(37.000000551343,-12.0000001788139,15.));
#2396=CARTESIAN_POINT('',(37.000000551343,-12.0000001788139,15.));
#2397=CARTESIAN_POINT('',(40.1918909364185,-15.3330959987175,15.));
#2398=CARTESIAN_POINT('',(40.1918909364185,-15.3330959987175,15.));
#2399=CARTESIAN_POINT('',(40.7593947616063,-2.28050801939961,15.));
#2400=CARTESIAN_POINT('',(40.7593947616063,-2.28050801939961,15.));
#2401=CARTESIAN_POINT('',(47.0000007003546,-1.00000001490116,15.));
#2402=CARTESIAN_POINT('',(47.0000007003546,-1.00000001490116,15.));
#2403=CARTESIAN_POINT('',(51.0192643151651,-9.87983604893951,15.));
#2404=CARTESIAN_POINT('',(51.0192643151651,-9.87983604893951,15.));
#2405=CARTESIAN_POINT('',(53.368605123005,-2.17385083981826,15.));
#2406=CARTESIAN_POINT('',(53.368605123005,-2.17385083981826,15.));
#2407=CARTESIAN_POINT('',(58.2748353837473,-2.38716519898097,15.));
#2408=CARTESIAN_POINT('',(58.2748353837473,-2.38716519898097,15.));
#2409=CARTESIAN_POINT('',(59.9402878726152,-7.39164177241946,15.));
#2410=CARTESIAN_POINT('',(59.9402878726152,-7.39164177241946,15.));
#2411=CARTESIAN_POINT('',(61.4242670437833,-2.52409701028688,15.));
#2412=CARTESIAN_POINT('',(61.4242670437833,-2.52409701028688,15.));
#2413=CARTESIAN_POINT('',(67.3855532257597,-2.78328336602498,15.));
#2414=CARTESIAN_POINT('',(67.3855532257597,-2.78328336602498,15.));
#2415=CARTESIAN_POINT('',(69.0000010281801,-27.0000004023314,15.));
#2416=CARTESIAN_POINT('',(69.0000010281801,-27.0000004023314,15.));
#2417=CARTESIAN_POINT('',(74.0000011026859,-21.0000003129244,15.));
#2418=CARTESIAN_POINT('',(74.0000011026859,-21.0000003129244,15.));
#2419=CARTESIAN_POINT('',(80.0000011920929,-24.0000003576279,15.));
#2420=CARTESIAN_POINT('',(80.0000011920929,-24.0000003576279,15.));
#2421=CARTESIAN_POINT('',(79.0000011771917,-47.0000007003546,15.));
#2422=CARTESIAN_POINT('',(79.0000011771917,-47.0000007003546,15.));
#2423=CARTESIAN_POINT('',(86.0000012814999,-86.0000012814999,15.));
#2424=CARTESIAN_POINT('',(86.0000012814999,-86.0000012814999,15.));
#2425=CARTESIAN_POINT('',(77.0000011473894,-98.0000014603138,15.));
#2426=CARTESIAN_POINT('',(77.0000011473894,-98.0000014603138,15.));
#2427=CARTESIAN_POINT('',(52.0000007748604,-98.0000014603138,15.));
#2428=CARTESIAN_POINT('',(52.0000007748604,-98.0000014603138,15.));
#2429=CARTESIAN_POINT('',(48.0000007152557,-97.0000014454126,15.));
#2430=CARTESIAN_POINT('',(48.0000007152557,-97.0000014454126,15.));
#2431=CARTESIAN_POINT('',(26.0000003874302,-84.0000012516975,15.));
#2432=CARTESIAN_POINT('',(26.0000003874302,-84.0000012516975,15.));
#2433=CARTESIAN_POINT('',(17.7917034079338,-74.1874616787913,15.));
#2434=CARTESIAN_POINT('',(17.7917034079338,-74.1874616787913,15.));
#2435=CARTESIAN_POINT('',(13.0000001937151,-44.0000006556511,15.));
#2436=CARTESIAN_POINT('',(13.0000001937151,-44.0000006556511,15.));
#2437=CARTESIAN_POINT('',(17.0000002533197,-35.0000005215406,15.));
#2438=CARTESIAN_POINT('',(17.0000002533197,-35.0000005215406,15.));
#2439=CARTESIAN_POINT('',(18.5834065625478,-26.6672506824405,15.));
#2440=CARTESIAN_POINT('',(18.5834065625478,-26.6672506824405,15.));
#2441=CARTESIAN_POINT('',(17.0000002533197,-14.0000002086163,15.));
#2442=CARTESIAN_POINT('',(17.0000002533197,-14.0000002086163,15.));
#2443=CARTESIAN_POINT('',(25.000000372529,-13.0000001937151,15.));
#2444=CARTESIAN_POINT('',(25.000000372529,-13.0000001937151,15.));
#2445=CARTESIAN_POINT('',(30.0000004470348,-22.0000003278255,15.));
#2446=CARTESIAN_POINT('Origin',(37.000000551343,-12.0000001788139,-5.));
#2447=CARTESIAN_POINT('',(31.5696017096169,-11.7638958813476,-15.));
#2448=CARTESIAN_POINT('',(31.5696017096169,-11.7638958813476,-5.));
#2449=CARTESIAN_POINT('',(37.000000551343,-12.0000001788139,-15.));
#2450=CARTESIAN_POINT('',(37.000000551343,-12.0000001788139,-15.));
#2451=CARTESIAN_POINT('',(37.000000551343,-12.0000001788139,-5.));
#2452=CARTESIAN_POINT('Origin',(40.1918909364185,-15.3330959987175,-5.));
#2453=CARTESIAN_POINT('',(40.1918909364185,-15.3330959987175,-15.));
#2454=CARTESIAN_POINT('',(40.1918909364185,-15.3330959987175,-15.));
#2455=CARTESIAN_POINT('',(40.1918909364185,-15.3330959987175,-5.));
#2456=CARTESIAN_POINT('Origin',(40.7593947616063,-2.28050801939961,-5.));
#2457=CARTESIAN_POINT('',(40.7593947616063,-2.28050801939961,-15.));
#2458=CARTESIAN_POINT('',(40.7593947616063,-2.28050801939961,-15.));
#2459=CARTESIAN_POINT('',(40.7593947616063,-2.28050801939961,-5.));
#2460=CARTESIAN_POINT('Origin',(47.0000007003546,-1.00000001490116,-5.));
#2461=CARTESIAN_POINT('',(47.0000007003546,-1.00000001490116,-15.));
#2462=CARTESIAN_POINT('',(47.0000007003546,-1.00000001490116,-15.));
#2463=CARTESIAN_POINT('',(47.0000007003546,-1.00000001490116,-5.));
#2464=CARTESIAN_POINT('Origin',(51.0192643151651,-9.87983604893951,-5.));
#2465=CARTESIAN_POINT('',(51.0192643151651,-9.87983604893951,-15.));
#2466=CARTESIAN_POINT('',(51.0192643151651,-9.87983604893951,-15.));
#2467=CARTESIAN_POINT('',(51.0192643151651,-9.87983604893951,-5.));
#2468=CARTESIAN_POINT('Origin',(53.368605123005,-2.17385083981826,-5.));
#2469=CARTESIAN_POINT('',(53.368605123005,-2.17385083981826,-15.));
#2470=CARTESIAN_POINT('',(53.368605123005,-2.17385083981826,-15.));
#2471=CARTESIAN_POINT('',(53.368605123005,-2.17385083981826,-5.));
#2472=CARTESIAN_POINT('Origin',(58.2748353837473,-2.38716519898097,-5.));
#2473=CARTESIAN_POINT('',(58.2748353837473,-2.38716519898097,-15.));
#2474=CARTESIAN_POINT('',(58.2748353837473,-2.38716519898097,-15.));
#2475=CARTESIAN_POINT('',(58.2748353837473,-2.38716519898097,-5.));
#2476=CARTESIAN_POINT('Origin',(59.9402878726152,-7.39164177241946,-5.));
#2477=CARTESIAN_POINT('',(59.9402878726152,-7.39164177241946,-15.));
#2478=CARTESIAN_POINT('',(59.9402878726152,-7.39164177241946,-15.));
#2479=CARTESIAN_POINT('',(59.9402878726152,-7.39164177241946,-5.));
#2480=CARTESIAN_POINT('Origin',(61.4242670437833,-2.52409701028688,-5.));
#2481=CARTESIAN_POINT('',(61.4242670437833,-2.52409701028688,-15.));
#2482=CARTESIAN_POINT('',(61.4242670437833,-2.52409701028688,-15.));
#2483=CARTESIAN_POINT('',(61.4242670437833,-2.52409701028688,-5.));
#2484=CARTESIAN_POINT('Origin',(67.3855532257597,-2.78328336602498,-5.));
#2485=CARTESIAN_POINT('',(67.3855532257597,-2.78328336602498,-15.));
#2486=CARTESIAN_POINT('',(67.3855532257597,-2.78328336602498,-15.));
#2487=CARTESIAN_POINT('',(67.3855532257597,-2.78328336602498,-5.));
#2488=CARTESIAN_POINT('Origin',(69.0000010281801,-27.0000004023314,-5.));
#2489=CARTESIAN_POINT('',(69.0000010281801,-27.0000004023314,-15.));
#2490=CARTESIAN_POINT('',(69.0000010281801,-27.0000004023314,-15.));
#2491=CARTESIAN_POINT('',(69.0000010281801,-27.0000004023314,-5.));
#2492=CARTESIAN_POINT('Origin',(74.0000011026859,-21.0000003129244,-5.));
#2493=CARTESIAN_POINT('',(74.0000011026859,-21.0000003129244,-15.));
#2494=CARTESIAN_POINT('',(74.0000011026859,-21.0000003129244,-15.));
#2495=CARTESIAN_POINT('',(74.0000011026859,-21.0000003129244,-5.));
#2496=CARTESIAN_POINT('Origin',(80.0000011920929,-24.0000003576279,-5.));
#2497=CARTESIAN_POINT('',(80.0000011920929,-24.0000003576279,-15.));
#2498=CARTESIAN_POINT('',(80.0000011920929,-24.0000003576279,-15.));
#2499=CARTESIAN_POINT('',(80.0000011920929,-24.0000003576279,-5.));
#2500=CARTESIAN_POINT('Origin',(79.0000011771917,-47.0000007003546,-5.));
#2501=CARTESIAN_POINT('',(79.0000011771917,-47.0000007003546,-15.));
#2502=CARTESIAN_POINT('',(79.0000011771917,-47.0000007003546,-15.));
#2503=CARTESIAN_POINT('',(79.0000011771917,-47.0000007003546,-5.));
#2504=CARTESIAN_POINT('Origin',(86.0000012814999,-86.0000012814999,-5.));
#2505=CARTESIAN_POINT('',(86.0000012814999,-86.0000012814999,-15.));
#2506=CARTESIAN_POINT('',(86.0000012814999,-86.0000012814999,-15.));
#2507=CARTESIAN_POINT('',(86.0000012814999,-86.0000012814999,-5.));
#2508=CARTESIAN_POINT('Origin',(77.0000011473894,-98.0000014603138,-5.));
#2509=CARTESIAN_POINT('',(77.0000011473894,-98.0000014603138,-15.));
#2510=CARTESIAN_POINT('',(77.0000011473894,-98.0000014603138,-15.));
#2511=CARTESIAN_POINT('',(77.0000011473894,-98.0000014603138,-5.));
#2512=CARTESIAN_POINT('Origin',(52.0000007748604,-98.0000014603138,-5.));
#2513=CARTESIAN_POINT('',(52.0000007748604,-98.0000014603138,-15.));
#2514=CARTESIAN_POINT('',(52.0000007748604,-98.0000014603138,-15.));
#2515=CARTESIAN_POINT('',(52.0000007748604,-98.0000014603138,-5.));
#2516=CARTESIAN_POINT('Origin',(48.0000007152557,-97.0000014454126,-5.));
#2517=CARTESIAN_POINT('',(48.0000007152557,-97.0000014454126,-15.));
#2518=CARTESIAN_POINT('',(48.0000007152557,-97.0000014454126,-15.));
#2519=CARTESIAN_POINT('',(48.0000007152557,-97.0000014454126,-5.));
#2520=CARTESIAN_POINT('Origin',(26.0000003874302,-84.0000012516975,-5.));
#2521=CARTESIAN_POINT('',(26.0000003874302,-84.0000012516975,-15.));
#2522=CARTESIAN_POINT('',(26.0000003874302,-84.0000012516975,-15.));
#2523=CARTESIAN_POINT('',(26.0000003874302,-84.0000012516975,-5.));
#2524=CARTESIAN_POINT('Origin',(17.7917034079338,-74.1874616787913,-5.));
#2525=CARTESIAN_POINT('',(17.7917034079338,-74.1874616787913,-15.));
#2526=CARTESIAN_POINT('',(17.7917034079338,-74.1874616787913,-15.));
#2527=CARTESIAN_POINT('',(17.7917034079338,-74.1874616787913,-5.));
#2528=CARTESIAN_POINT('Origin',(13.0000001937151,-44.0000006556511,-5.));
#2529=CARTESIAN_POINT('',(13.0000001937151,-44.0000006556511,-15.));
#2530=CARTESIAN_POINT('',(13.0000001937151,-44.0000006556511,-15.));
#2531=CARTESIAN_POINT('',(13.0000001937151,-44.0000006556511,-5.));
#2532=CARTESIAN_POINT('Origin',(17.0000002533197,-35.0000005215406,-5.));
#2533=CARTESIAN_POINT('',(17.0000002533197,-35.0000005215406,-15.));
#2534=CARTESIAN_POINT('',(17.0000002533197,-35.0000005215406,-15.));
#2535=CARTESIAN_POINT('',(17.0000002533197,-35.0000005215406,-5.));
#2536=CARTESIAN_POINT('Origin',(18.5834065625478,-26.6672506824405,-5.));
#2537=CARTESIAN_POINT('',(18.5834065625478,-26.6672506824405,-15.));
#2538=CARTESIAN_POINT('',(18.5834065625478,-26.6672506824405,-15.));
#2539=CARTESIAN_POINT('',(18.5834065625478,-26.6672506824405,-5.));
#2540=CARTESIAN_POINT('Origin',(17.0000002533197,-14.0000002086163,-5.));
#2541=CARTESIAN_POINT('',(17.0000002533197,-14.0000002086163,-15.));
#2542=CARTESIAN_POINT('',(17.0000002533197,-14.0000002086163,-15.));
#2543=CARTESIAN_POINT('',(17.0000002533197,-14.0000002086163,-5.));
#2544=CARTESIAN_POINT('Origin',(25.000000372529,-13.0000001937151,-5.));
#2545=CARTESIAN_POINT('',(25.000000372529,-13.0000001937151,-15.));
#2546=CARTESIAN_POINT('',(25.000000372529,-13.0000001937151,-15.));
#2547=CARTESIAN_POINT('',(25.000000372529,-13.0000001937151,-5.));
#2548=CARTESIAN_POINT('Origin',(30.0000004470348,-22.0000003278255,-5.));
#2549=CARTESIAN_POINT('',(30.0000004470348,-22.0000003278255,-15.));
#2550=CARTESIAN_POINT('',(30.0000004470348,-22.0000003278255,-15.));
#2551=CARTESIAN_POINT('',(30.0000004470348,-22.0000003278255,-5.));
#2552=CARTESIAN_POINT('Origin',(31.5696017096169,-11.7638958813476,-5.));
#2553=CARTESIAN_POINT('',(31.5696017096169,-11.7638958813476,-15.));
#2554=CARTESIAN_POINT('Origin',(27.1846108861084,-8.6957950053684,-5.));
#2555=CARTESIAN_POINT('',(27.818382312743,-9.83658357331065,-15.));
#2556=CARTESIAN_POINT('',(27.818382312743,-9.83658357331065,-5.));
#2557=CARTESIAN_POINT('',(27.1846108861084,-8.6957950053684,-15.));
#2558=CARTESIAN_POINT('',(27.818382312743,-9.83658357331065,-15.));
#2559=CARTESIAN_POINT('',(27.1846108861084,-8.6957950053684,-5.));
#2560=CARTESIAN_POINT('Origin',(12.5347498081082,-10.5270276401184,-5.));
#2561=CARTESIAN_POINT('',(12.5347498081082,-10.5270276401184,-15.));
#2562=CARTESIAN_POINT('',(27.1846108861084,-8.6957950053684,-15.));
#2563=CARTESIAN_POINT('',(12.5347498081082,-10.5270276401184,-5.));
#2564=CARTESIAN_POINT('Origin',(14.5362282184125,-26.5388549225521,-5.));
#2565=CARTESIAN_POINT('',(14.5362282184125,-26.5388549225521,-15.));
#2566=CARTESIAN_POINT('',(12.5347498081082,-10.5270276401184,-15.));
#2567=CARTESIAN_POINT('',(14.5362282184125,-26.5388549225521,-5.));
#2568=CARTESIAN_POINT('Origin',(13.156739326602,-33.7984798048595,-5.));
#2569=CARTESIAN_POINT('',(13.156739326602,-33.7984798048595,-15.));
#2570=CARTESIAN_POINT('',(14.5362282184125,-26.5388549225521,-15.));
#2571=CARTESIAN_POINT('',(13.156739326602,-33.7984798048595,-5.));
#2572=CARTESIAN_POINT('Origin',(8.86381847134468,-43.4575517291884,-5.));
#2573=CARTESIAN_POINT('',(8.86381847134468,-43.4575517291884,-15.));
#2574=CARTESIAN_POINT('',(13.156739326602,-33.7984798048595,-15.));
#2575=CARTESIAN_POINT('',(8.86381847134468,-43.4575517291884,-5.));
#2576=CARTESIAN_POINT('Origin',(14.0144378720253,-75.9061645609891,-5.));
#2577=CARTESIAN_POINT('',(14.0144378720253,-75.9061645609891,-15.));
#2578=CARTESIAN_POINT('',(8.86381847134468,-43.4575517291884,-15.));
#2579=CARTESIAN_POINT('',(14.0144378720253,-75.9061645609891,-5.));
#2580=CARTESIAN_POINT('Origin',(23.3731011128496,-87.0938998036929,-5.));
#2581=CARTESIAN_POINT('',(23.3731011128496,-87.0938998036929,-15.));
#2582=CARTESIAN_POINT('',(14.0144378720253,-75.9061645609891,-15.));
#2583=CARTESIAN_POINT('',(23.3731011128496,-87.0938998036929,-5.));
#2584=CARTESIAN_POINT('Origin',(46.4657160552749,-100.739535906035,-5.));
#2585=CARTESIAN_POINT('',(46.4657160552749,-100.739535906035,-15.));
#2586=CARTESIAN_POINT('',(23.3731011128496,-87.0938998036929,-15.));
#2587=CARTESIAN_POINT('',(46.4657160552749,-100.739535906035,-5.));
#2588=CARTESIAN_POINT('Origin',(51.5075782723898,-102.000001460314,-5.));
#2589=CARTESIAN_POINT('',(51.5075782723898,-102.000001460314,-15.));
#2590=CARTESIAN_POINT('',(46.4657160552749,-100.739535906035,-15.));
#2591=CARTESIAN_POINT('',(51.5075782723898,-102.000001460314,-5.));
#2592=CARTESIAN_POINT('Origin',(79.0000011473894,-102.000001460314,-5.));
#2593=CARTESIAN_POINT('',(79.0000011473894,-102.000001460314,-15.));
#2594=CARTESIAN_POINT('',(51.5075782723898,-102.000001460314,-15.));
#2595=CARTESIAN_POINT('',(79.0000011473894,-102.000001460314,-5.));
#2596=CARTESIAN_POINT('Origin',(90.2446820135538,-87.0070936387613,-5.));
#2597=CARTESIAN_POINT('',(90.2446820135538,-87.0070936387613,-15.));
#2598=CARTESIAN_POINT('',(79.0000011473894,-102.000001460314,-15.));
#2599=CARTESIAN_POINT('',(90.2446820135538,-87.0070936387613,-5.));
#2600=CARTESIAN_POINT('Origin',(83.0155077287401,-46.7302654805136,-5.));
#2601=CARTESIAN_POINT('',(83.0155077287401,-46.7302654805136,-15.));
#2602=CARTESIAN_POINT('',(90.2446820135538,-87.0070936387613,-15.));
#2603=CARTESIAN_POINT('',(83.0155077287401,-46.7302654805136,-5.));
#2604=CARTESIAN_POINT('Origin',(84.1088969972321,-21.5823123051979,-5.));
#2605=CARTESIAN_POINT('',(84.1088969972321,-21.5823123051979,-15.));
#2606=CARTESIAN_POINT('',(83.0155077287401,-46.7302654805136,-15.));
#2607=CARTESIAN_POINT('',(84.1088969972321,-21.5823123051979,-5.));
#2608=CARTESIAN_POINT('Origin',(72.9552576993178,-16.0054926562408,-5.));
#2609=CARTESIAN_POINT('',(72.9552576993178,-16.0054926562408,-15.));
#2610=CARTESIAN_POINT('',(84.1088969972321,-21.5823123051979,-15.));
#2611=CARTESIAN_POINT('',(72.9552576993178,-16.0054926562408,-5.));
#2612=CARTESIAN_POINT('Origin',(72.3262347178571,-16.7603202339937,-5.));
#2613=CARTESIAN_POINT('',(72.3262347178571,-16.7603202339937,-15.));
#2614=CARTESIAN_POINT('',(72.9552576993178,-16.0054926562408,-15.));
#2615=CARTESIAN_POINT('',(72.3262347178571,-16.7603202339937,-5.));
#2616=CARTESIAN_POINT('Origin',(71.1383914564124,1.0573286876758,-5.));
#2617=CARTESIAN_POINT('',(71.1383914564124,1.0573286876758,-15.));
#2618=CARTESIAN_POINT('',(72.3262347178571,-16.7603202339937,-15.));
#2619=CARTESIAN_POINT('',(71.1383914564124,1.0573286876758,-5.));
#2620=CARTESIAN_POINT('Origin',(50.4462188819625,1.95698836482579,-5.));
#2621=CARTESIAN_POINT('',(50.4462188819625,1.95698836482579,-15.));
#2622=CARTESIAN_POINT('',(71.1383914564124,1.0573286876758,-15.));
#2623=CARTESIAN_POINT('',(50.4462188819625,1.9569883648258,-5.));
#2624=CARTESIAN_POINT('Origin',(50.2876582613396,1.43689958367001,-5.));
#2625=CARTESIAN_POINT('',(50.2876582613396,1.43689958367001,-15.));
#2626=CARTESIAN_POINT('',(50.4462188819625,1.9569883648258,-15.));
#2627=CARTESIAN_POINT('',(50.2876582613396,1.43689958367001,-5.));
#2628=CARTESIAN_POINT('Origin',(49.3263731803926,3.5606851122735,-5.));
#2629=CARTESIAN_POINT('',(49.3263731803926,3.5606851122735,-15.));
#2630=CARTESIAN_POINT('',(50.2876582613396,1.43689958367001,-15.));
#2631=CARTESIAN_POINT('',(49.3263731803926,3.5606851122735,-5.));
#2632=CARTESIAN_POINT('Origin',(36.898709947991,1.01065673321947,-5.));
#2633=CARTESIAN_POINT('',(36.898709947991,1.01065673321946,-15.));
#2634=CARTESIAN_POINT('',(49.3263731803926,3.5606851122735,-15.));
#2635=CARTESIAN_POINT('',(36.898709947991,1.01065673321947,-5.));
#2636=CARTESIAN_POINT('Origin',(36.5080365462784,-7.97483150616893,-5.));
#2637=CARTESIAN_POINT('',(36.5080365462784,-7.97483150616893,-15.));
#2638=CARTESIAN_POINT('',(36.898709947991,1.01065673321947,-15.));
#2639=CARTESIAN_POINT('',(36.5080365462784,-7.97483150616893,-5.));
#2640=CARTESIAN_POINT('Origin',(28.1595219082755,-7.61185260886445,-5.));
#2641=CARTESIAN_POINT('',(28.1595219082755,-7.61185260886445,-15.));
#2642=CARTESIAN_POINT('',(36.5080365462784,-7.97483150616893,-15.));
#2643=CARTESIAN_POINT('',(28.1595219082755,-7.61185260886445,-5.));
#2644=CARTESIAN_POINT('Origin',(27.818382312743,-9.83658357331065,-5.));
#2645=CARTESIAN_POINT('',(28.1595219082755,-7.61185260886445,-15.));
#2646=CARTESIAN_POINT('Origin',(49.5542502424492,-49.2196581740202,-15.));
#2647=CARTESIAN_POINT('',(0.,0.,0.));
#2648=CARTESIAN_POINT('',(0.,0.,0.));
#2649=UNCERTAINTY_MEASURE_WITH_UNIT(LENGTH_MEASURE(0.01),#2657,
'DISTANCE_ACCURACY_VALUE',
'Maximum model space distance between geometric entities at asserted c
onnectivities');
#2650=UNCERTAINTY_MEASURE_WITH_UNIT(LENGTH_MEASURE(0.01),#2657,
'DISTANCE_ACCURACY_VALUE',
'Maximum model space distance between geometric entities at asserted c
onnectivities');
#2651=UNCERTAINTY_MEASURE_WITH_UNIT(LENGTH_MEASURE(0.01),#2657,
'DISTANCE_ACCURACY_VALUE',
'Maximum model space distance between geometric entities at asserted c
onnectivities');
#2652=UNCERTAINTY_MEASURE_WITH_UNIT(LENGTH_MEASURE(0.01),#2657,
'DISTANCE_ACCURACY_VALUE',
'Maximum model space distance between geometric entities at asserted c
onnectivities');
#2653=(
GEOMETRIC_REPRESENTATION_CONTEXT(3)
GLOBAL_UNCERTAINTY_ASSIGNED_CONTEXT((#2649))
GLOBAL_UNIT_ASSIGNED_CONTEXT((#2657,#2659,#2660))
REPRESENTATION_CONTEXT('','3D')
);
#2654=(
GEOMETRIC_REPRESENTATION_CONTEXT(3)
GLOBAL_UNCERTAINTY_ASSIGNED_CONTEXT((#2650))
GLOBAL_UNIT_ASSIGNED_CONTEXT((#2657,#2659,#2660))
REPRESENTATION_CONTEXT('','3D')
);
#2655=(
GEOMETRIC_REPRESENTATION_CONTEXT(3)
GLOBAL_UNCERTAINTY_ASSIGNED_CONTEXT((#2651))
GLOBAL_UNIT_ASSIGNED_CONTEXT((#2657,#2659,#2660))
REPRESENTATION_CONTEXT('','3D')
);
#2656=(
GEOMETRIC_REPRESENTATION_CONTEXT(3)
GLOBAL_UNCERTAINTY_ASSIGNED_CONTEXT((#2652))
GLOBAL_UNIT_ASSIGNED_CONTEXT((#2657,#2659,#2660))
REPRESENTATION_CONTEXT('','3D')
);
#2657=(
LENGTH_UNIT()
NAMED_UNIT(*)
SI_UNIT(.MILLI.,.METRE.)
);
#2658=(
LENGTH_UNIT()
NAMED_UNIT(*)
SI_UNIT($,.METRE.)
);
#2659=(
NAMED_UNIT(*)
PLANE_ANGLE_UNIT()
SI_UNIT($,.RADIAN.)
);
#2660=(
NAMED_UNIT(*)
SI_UNIT($,.STERADIAN.)
SOLID_ANGLE_UNIT()
);
#2661=SHAPE_DEFINITION_REPRESENTATION(#2664,#2669);
#2662=SHAPE_DEFINITION_REPRESENTATION(#2665,#2670);
#2663=SHAPE_DEFINITION_REPRESENTATION(#2666,#2671);
#2664=PRODUCT_DEFINITION_SHAPE('',$,#2673);
#2665=PRODUCT_DEFINITION_SHAPE('',$,#2674);
#2666=PRODUCT_DEFINITION_SHAPE('',$,#2675);
#2667=PRODUCT_DEFINITION_SHAPE($,$,#17);
#2668=PRODUCT_DEFINITION_SHAPE($,$,#18);
#2669=SHAPE_REPRESENTATION('',(#1689,#1773,#1774),#2653);
#2670=SHAPE_REPRESENTATION('',(#1690),#2654);
#2671=SHAPE_REPRESENTATION('',(#1720),#2655);
#2672=PRODUCT_DEFINITION_CONTEXT('part definition',#2683,'design');
#2673=PRODUCT_DEFINITION('schematic 1','schematic',#2676,#2672);
#2674=PRODUCT_DEFINITION('Component8','Component8',#2677,#2672);
#2675=PRODUCT_DEFINITION('Component9','Component9',#2678,#2672);
#2676=PRODUCT_DEFINITION_FORMATION('',$,#2685);
#2677=PRODUCT_DEFINITION_FORMATION('',$,#2686);
#2678=PRODUCT_DEFINITION_FORMATION('',$,#2687);
#2679=PRODUCT_RELATED_PRODUCT_CATEGORY('schematic','schematic',(#2685));
#2680=PRODUCT_RELATED_PRODUCT_CATEGORY('Component8','Component8',(#2686));
#2681=PRODUCT_RELATED_PRODUCT_CATEGORY('Component9','Component9',(#2687));
#2682=APPLICATION_PROTOCOL_DEFINITION('international standard',
'automotive_design',2009,#2683);
#2683=APPLICATION_CONTEXT(
'Core Data for Automotive Mechanical Design Process');
#2684=PRODUCT_CONTEXT('part definition',#2683,'mechanical');
#2685=PRODUCT('schematic 1','schematic','KiCad electronic assembly',(#2684));
#2686=PRODUCT('Component8','Component8',$,(#2684));
#2687=PRODUCT('Component9','Component9',$,(#2684));
#2688=PRESENTATION_STYLE_ASSIGNMENT((#2689));
#2689=SURFACE_STYLE_USAGE(.BOTH.,#2690);
#2690=SURFACE_SIDE_STYLE('',(#2691));
#2691=SURFACE_STYLE_FILL_AREA(#2692);
#2692=FILL_AREA_STYLE('Steel - Satin',(#2693));
#2693=FILL_AREA_STYLE_COLOUR('Steel - Satin',#2694);
#2694=COLOUR_RGB('Steel - Satin',0.627450980392157,0.627450980392157,0.627450980392157);
ENDSEC;
END-ISO-10303-21;
